time,Fx_11,Fy_11,Fz_11,Fx_12,Fy_12,Fz_12,Fx_13,Fy_13,Fz_13,Fx_14,Fy_14,Fz_14,Fx_15,Fy_15,Fz_15,Fx,Fy,Fz,Fmag
0.0,0.0,0.0,-2.517700229845e-06,0.0,0.0,-3.356933639793e-06,0.0,0.0,-3.356933639793e-06,0.0,0.0,-3.356933639793e-06,0.0,0.0,-3.524780321783e-06,0.0,0.0,-1.6113281471007e-05,1.6113281471007e-05
0.010022,96.6332211559,1.876992425078e-37,28.21834334222,49.45308829029,3.2686254904159995e-38,-0.6125621123994,0.8841189173167,3.201738486912e-39,-3.225625200653,-0.08480236290491,2.613833656663e-40,0.5884453193612,0.001682940101565,0.0,0.02060842926217,146.88730894070335,2.2384861926453827e-37,24.989209777790972,148.99779237680025
0.020021,101.8171620393,6.595325074949e-36,44.91393542221,30.35102357808,-7.403255185102001e-37,-3.070341079687,-13.36131116006,7.953106827325e-39,-7.181115848737,-0.4807071852255,1.726927042394e-39,-0.1780928829028,0.005961707086945,8.703983372053e-41,0.07328224672798,118.33212897918145,5.864766630142239e-36,34.55766785761118,123.27499809978747
0.030008,86.2591421218,1.256455376489e-35,26.15624442169,1.497125848,-3.150429022784e-36,-6.416252537016,-24.90302465776,-9.861758889973e-37,-12.08810025108,-0.002037225463068,1.1736022370329998e-38,-0.005513115011347,0.006219945435242,-1.712947268316e-40,0.07732096215071,62.857426032012164,8.439513580752198e-36,7.723699480733364,63.33017875419713
0.040035,148.0788879579,-2.754258010201e-35,41.37409651375,74.50250913047,-6.566136295991e-36,-2.793732370045,-24.41995062769,3.9941890171420005e-37,-10.64480856545,-0.0787836374223,2.783895030633e-38,-0.02465068853871,0.008649939455105,2.625561123686e-40,0.1093004281119,198.0913127627128,-3.368119598986811e-35,28.02020531782819,200.06324024694828
0.050043,114.8964924946,7.322594260888e-35,48.25781072524,-0.1760381768564,1.604364703018e-35,-8.902210578057,-19.47690484185,2.6453680472959997e-36,-17.68885631217,0.02529527998518,-8.851759601939999e-38,0.08258884552999,0.01116381125282,5.420808423673e-39,0.1450664580027,95.2800085671316,9.183186089876027e-35,21.894399138545687,97.7632075281423
0.060015,129.203251291,1.163140926297e-34,53.45819055584,20.46864433387,1.2885923839319998e-35,-9.605075807647,-6.104142757791,3.8361725225179997e-38,-16.54228437278,0.001053225798043,-6.920927038575e-39,0.02850301785027,0.01096624868226,-1.872565171052e-38,0.1482430518306,143.57977234155928,1.292127316154961e-34,27.48757644509387,146.1872699125299
0.070039,160.4336285818,2.243521816242e-34,52.39645555372,86.14614281127,1.218990941629e-34,-5.599726874824,-34.9230356012,6.992513296127999e-36,-17.92718954097,-0.000438055927993,-2.0841525122279998e-38,0.03635089928435,0.01317981955258,4.719651490629e-38,0.1878201550815,211.6694775554946,3.5327014407301204e-34,29.09371019229185,213.65956964612914
0.080014,109.9600141133,-1.1187361780470002e-33,40.90732583921,26.537867569,1.77392185328e-34,-10.363696888,-5.329255777992,1.044227008826e-36,-17.75193986642,-0.004044900030138,1.965630320611e-37,-0.007473487965364,0.01448792231542,-5.503508982491e-38,0.2214862894637,131.1790689265933,-9.40158237767938e-34,13.00570188628834,131.82221514601747
0.090007,144.1129166626,-1.4454259197470002e-33,60.19491251163,77.4030493204,1.650904128545e-34,-6.737177431839,-12.00649207143,9.668610946896e-37,-16.51437070659,-0.005955940115178,2.056678958209e-37,-0.03506471686161,0.01385613150599,-3.1097805859629997e-38,0.2323776317891,209.51737410296084,-1.2791940757078491e-33,37.14067728812849,212.78383387941142
0.100018,154.1450972852,-1.944534535021e-33,95.39843839613,95.32521356983,-1.5436109144700001e-34,-10.16956646069,8.060023910561,-8.670486149841999e-36,-13.48640473435,-0.007890399249489,4.757260412383e-37,-0.04935438229671,0.01482667104055,5.368517817429001e-37,0.2798530658462,257.537271037382,-2.1065535347948606e-33,71.97296588463948,267.40522394226605
0.110033,125.9230783101,-1.0120005346150001e-33,53.73074196533,51.3185368444,-1.438015454998e-34,-11.50003100604,11.45852964727,-4.827481752944e-36,-10.40531595476,-0.009649004274073,-5.745222230236e-37,-0.1020820823622,0.01325309213697,1.910296153892e-36,0.2938757978361,188.7037488896329,-1.1592937879368758e-33,32.017188720003894,191.40064059070954
0.120004,120.9234219367,-9.861084564355e-34,90.15730563398,96.39288179999,1.979521754796e-34,-7.753512843453,-2.150636828168,3.032532012708e-35,-8.586109689863,-0.01028563947158,-8.688335304484001e-37,-0.1217070788399,0.01163079577193,-3.583794740296e-37,0.3203587617928,215.16701206482233,-7.59058173833298e-34,74.01633478361691,227.54177835224866
0.130035,158.0619906592,-6.047542970437e-34,65.36591662177,81.66293589423,4.332924711423e-34,-7.958306086634,7.270682659245,-1.108037635776e-34,-2.065342547675,-0.01120569216532,-3.190627454596e-36,-0.1246873111231,0.009647251826876,2.2923546761179998e-36,0.3628063294114,246.99405077233655,-2.8316386225747792e-34,55.5803870057493,253.17037847393686
0.140001,138.4170224394,-2.081226811207e-33,44.32295222525,100.6037895861,-7.780551707885e-34,1.804245451454,-2.559741868477,-7.66920263317e-35,-0.6708388380831,-0.01114711687485,-5.766290956149e-38,-0.1514728759449,0.006208409282404,6.796721384891e-37,0.3877590275371,236.45613144943056,-2.9353519990982726e-33,45.692644990213104,240.83047960387412
0.150039,141.614795632,-1.6788150845630002e-33,77.70407115138,96.31823072908,-3.453093157289e-34,-2.813916362731,-2.14524840323,-1.197152434904e-34,1.98789167714,-0.0125466388198,-7.434043967511e-36,-0.1451359961202,0.002080272180207,4.0975404425119996e-36,0.4346308334266,235.7773115912104,-2.147176147307299e-33,77.16754130309539,248.08419960155393
0.160021,164.2764338982,7.069745689405e-34,141.876268317,110.9148197741,-2.240110242056e-33,9.214376326418,-0.1470354650981,-6.543380796543e-36,-0.1884699086617,-0.01316074621116,-9.006940844433e-36,-0.1591268753875,-0.00338148474033,6.755629087195e-36,0.4736320127492,275.0276759762504,-1.541930365669281e-33,151.21667987211802,313.85778120741884
0.170014,228.7157286571,4.733444888423e-33,63.84156324389,77.15674376094,-3.800736853689e-33,10.65963017836,0.005501870960016,-1.01843222292e-35,-0.1486534331538,-0.0149863039118,-1.6300051173709998e-35,-0.1590627884725,-0.01035575922757,5.0696835409849995e-36,0.5190575715163,305.8526322258606,9.112933448720751e-34,74.71253477214,314.8456693231872
0.180016,287.5780715462,5.2315627314090006e-33,72.87316115965,95.32145115285,-4.284965346492e-33,21.0326628827,0.006591247897084,-1.398709754817e-35,-0.1636463380403,-0.01324928280954,-1.3269612694979999e-35,-0.1977114897625,-0.01876824060011,1.126612551681e-35,0.5555713774498,382.8740964235374,9.306068001906603e-34,94.100037591997,394.2681711563279
0.190028,159.4958336681,2.651022040934e-33,206.7421907929,30.25657995957,-4.8437799230530004e-33,32.30069671602,0.01564054682087,-8.402926016978e-36,-0.2015728217598,-0.00860753827432,-2.7240814721399997e-35,-0.2585549583816,-0.02937761028987,1.543705058099e-35,0.6050023207218,189.73006902592667,-2.2129645722763885e-33,239.18776204950038,305.3003187139367
0.200024,263.5593210632,-5.298558401418e-33,93.69024150268,35.14512727571,-5.3370215719440005e-33,58.5811062351,0.01819312303138,-1.1419592921089999e-35,-0.2056490165837,-0.009625218700396,9.740793620485999e-36,-0.2510281790946,-0.04083215907636,7.03834464461e-36,0.6374200000379,298.6721840841646,-1.0630220428017995e-32,152.45209054213962,335.3307523271223
0.210031,194.7905188499,-3.647933406709e-34,57.61688841964,73.92508855041,-5.2348526222650006e-33,44.9033073697,0.02901004464389,-2.583917759994e-35,-0.2428207624379,-0.006742287373022,-2.468770942852e-35,-0.2742882960184,-0.05402974142754,4.6204721502989997e-35,0.6729599614286,268.6838454161533,-5.603968128461371e-33,102.6760466923123,287.63410672584234
0.220023,227.7601918542,-5.747950778978e-33,57.81395763239,48.84931142276,7.644469455765e-33,67.464596465,0.02354010896095,5.091606607966e-35,-0.2014088851423,-0.005902539961388,-8.562975488875e-35,-0.2707050554559,-0.06646044891682,3.171516744938e-35,0.6846957346901,276.5606803970428,1.89352015542729e-33,125.49113589148189,303.7002389347259
0.230022,177.4014877826,-1.23568023336e-33,39.60619381884,-5.97103098826,-2.479740273917e-34,-3.152570012697,0.02086226512373,7.650750246911e-35,-0.1817319134136,-0.006101729074777,-1.067100300064e-34,-0.2662388078308,-0.08049455649723,3.791740201157e-36,0.7044554853507,171.3647227738917,-1.5100650480878331e-33,36.7101085702493,175.25267553624468
0.240015,166.6606783503,-6.779642699244e-35,92.01219175834,45.34132132759,8.551599104047001e-33,72.63484546177,0.03166048322089,3.8305854216389997e-35,-0.1943637113923,0.01042846007234,-8.139991030814999e-35,-0.3325281383474,-0.09330628911497,4.048390038568e-35,0.7076796675277,211.9507823320683,8.48119252134848e-33,164.827825037898,268.49831663885664
0.250032,301.8106487082,1.1712123276759999e-32,142.4972590378,12.8301980954,-2.925586334761e-35,5.44714743148,0.02374837369158,1.007729390156e-35,-0.1636589265415,0.007230096872065,-7.174068078093999e-35,-0.3066337345039,-0.107020611607,4.959026053499999e-35,0.7152547981032,314.5648046625567,1.1670794287068007e-32,148.1893686063378,347.72274199473566
0.260035,179.9021464567,2.755101083003e-33,61.98056559612,1.940716598484,8.037137185167e-35,0.7935580657953,0.0487501384375,5.385059897596e-36,-0.215440581671,0.02627922143436,-7.895400094227e-35,-0.3611637360031,-0.1178236186352,7.462678299952e-35,0.7036132478656,181.80006879642062,2.836530296809516e-33,62.901132592106805,192.37416015606948
0.270035,187.2841975456,-8.206377064364001e-33,47.04960604444,-23.19607113554,-2.873978826379e-33,32.26311293517,0.06622938133964,-6.926926638217999e-35,-0.2561109771745,0.03034729261209,-4.1073579684399997e-35,-0.3714819200558,-0.1363277240614,1.226252840228e-34,0.7370179801139,164.0483753599503,-1.1068073452786781e-32,79.4221440624936,182.26284982333246
0.280013,153.2015962243,-1.3071295708899998e-32,93.37158577161,-3.302947093756,-2.111559675115e-33,21.56658100317,0.06966253455699,-8.685448671013e-35,-0.2519788970348,0.03121309046546,4.35385896145e-35,-0.3547274833132,-0.1462900634303,6.147911166474e-35,0.7233781960514,149.85323469213614,-1.5164692169445888e-32,115.0548385904834,188.9275200461241
0.290014,220.4329817956,-1.4394509207829998e-32,57.85550817394,-6.125421582849,-3.711538424119e-33,22.70241089795,0.03416903171222,-7.530237057868e-35,-0.1556579803773,0.01960327364856,5.144213686095e-35,-0.2858401531851,-0.1447759220033,6.040696176699e-35,0.6609769004133,214.2165565961085,-1.8069500903899737e-32,80.7773978387409,228.94043138225274
0.300015,178.1546096732,-2.018678146193e-32,116.3976728713,-0.9965577914948,-3.305883939757e-34,2.405186789113,0.05842001437765,-1.097867306023e-34,-0.1889784078148,0.04595875125718,4.383570354047e-36,-0.3423298123826,-0.1490639222709,1.256437341084e-34,0.6331790102896,177.11336672506914,-2.0497129282045551e-32,118.9047304505052,213.32482180045557
0.310022,116.0972605574,-1.3956995773119998e-32,68.45049739019,0.02857667375489,-4.192166240951e-35,-0.0660947046592,0.05042569528082,-1.385802049925e-34,-0.1590795731407,0.04535792239522,5.148681291912e-35,-0.3092291115109,-0.1436345632276,1.02141762402e-34,0.57221518797,116.07798628560334,-1.3983869065200888e-32,68.48830918884919,134.77665745843424
0.320015,110.5351269974,-3.0511078408480004e-33,64.2469497336,0.0237242013838,-1.493377822261e-36,-0.05018446043408,0.06081441049088,-1.373355964016e-34,-0.1670788980585,0.05425437266227,-1.295124229684e-35,-0.3079266784776,-0.1396666559262,1.512724172554e-34,0.5262197611067,110.53425332601074,-3.0516156401133015e-33,64.24797945773652,127.85000595518348
0.330012,91.00174758267,-8.453279208897e-33,53.39230254937,0.001037240329066,-3.4869311221819997e-36,-0.003241462755817,0.05963150688108,-1.12183894021e-34,-0.1484703276823,0.06362771440121,-4.7632119497159995e-36,-0.3010019537956,-0.1276447309901,1.161859186596e-34,0.458300601159,90.99839931329126,-8.4575273273303e-33,53.39788940629529,105.50849857062771
0.340002,156.5250641471,-1.2773128500939998e-32,117.2066293694,0.04952656644172,-2.974543922991e-35,-0.1038938728555,0.03088106497009,-2.590992096296e-34,-0.1146394937432,0.006279863504037,7.673597755183999e-35,-0.1574392532921,-0.1325671073123,1.34051982875e-34,0.4574332343554,156.47918453470356,-1.2851185189372668e-32,117.28808998386462,195.55620993645007
0.350033,71.46866543342,-5.1253602798010005e-33,40.15506370656,-0.0009249622933833,-6.558660234889e-37,0.001001911178264,0.06304872134438,-1.1637241327530001e-34,-0.1451353285482,0.05200328100172,8.941464272097e-36,-0.2380388486093,-0.1150519994146,1.074309423626e-34,0.3831741428252,71.4677404740581,-5.126016152465092e-33,40.15606558340596,81.97650597339535
0.360039,228.4602021533,-1.6309282084549998e-32,159.8978067597,0.06215974736787,-6.16635756881e-35,-0.1251815051612,-0.01502387749746,-2.896113624889e-34,-0.01958677321056,-0.02048458620593,1.287863701363e-34,-0.04862749172192,-0.09567879025473,9.75261279532e-35,0.3097173775094,228.39117464670974,-1.6434244524637497e-32,160.0141283671157,278.8674415086703
0.370006,175.4239778626,-1.328426997947e-32,127.4448340071,0.01793777886203,-1.332272214383e-35,-0.03532611899563,0.03757280838244,-1.589897110705e-34,-0.09653322363694,0.02309135954546,4.892359467802e-35,-0.1429803106633,-0.0958646003427,9.057522576072999e-35,0.3027943694412,175.4067152090472,-1.331708359224558e-32,127.47278872324533,216.83364039122006
0.380038,76.1356195242,-1.2249322985969999e-32,59.04292531733,0.03864452855636,-7.368358105781e-36,-0.07111017333135,0.03990409558943,-2.2867851990870002e-34,-0.1078754631858,-0.003045624003651,9.799705968807e-35,-0.08046753049593,-0.09249344185648,1.047103804407e-34,0.2863240322817,76.11862908248567,-1.2282662423855712e-32,59.06979618259862,96.34981325592061
0.390017,252.868445145,-4.5629092198819995e-32,192.8953018536,-0.006974137637259,-1.308143694391e-34,0.0005393791279144,-0.02055004907549,-1.35016750301e-34,0.01659582162792,0.004552118572942,4.217002126656e-35,-0.05927650539989,-0.05381119715826,6.103173850731999e-35,0.1638601365665,252.79166187970193,-4.5791721558786213e-32,193.01702068552245,318.0553325920145
0.400025,299.3146469085,4.3630728869059997e-32,229.7599048883,0.05017734516908,2.049947160658e-35,-0.08665725837137,0.02045190563153,-1.744289467856e-34,-0.06261036012486,-0.01302155142099,8.809887349817e-35,-0.02611915627299,-0.05862823723789,6.495059005434e-35,0.1763865535317,299.3136263706417,4.3629848857433486e-32,229.7609046670625,377.33104860926977
0.410013,168.6559666003,-2.4863136602559995e-32,134.4277941803,0.0456104186808,-4.152151898505e-35,-0.08287412766924,0.02460777152039,-2.823899861795e-34,-0.08272440079934,-0.03343897844248,1.500739773142e-34,0.002707748453439,-0.0736472253126,8.771136415899e-35,0.219327552249,168.61909858674608,-2.494926276625136e-32,134.48423095253386,215.68126664849976
0.420014,49.80312630782,-1.0261248736189999e-32,39.02024422378,0.0312374236225,1.886522561166e-35,-0.05272390444165,0.05206220809715,-2.232364508832e-34,-0.1190893381698,-0.01273593526669,1.103488677112e-34,-0.03840267238621,-0.07159006243144,9.301323005952e-35,0.2111996720314,49.80209994184152,-1.0262257863690819e-32,39.021227980813734,63.26851817253041
0.430033,105.5021846824,-1.2278864098079998e-32,83.57342402061,-0.04226323976381,-7.425519242696999e-35,0.07186258423124,0.01738510084838,-1.141392242154e-34,-0.0445608336413,-0.007111506591926,5.304680516277e-35,-0.01620056176484,-0.03433452742108,4.4806812891659995e-35,0.1005280547817,105.43586050947157,-1.236940489666794e-32,83.68505326421682,134.61021068703351
0.440032,149.8141620399,-1.578686955034e-32,120.7632572622,-0.5471316462536,-7.153981532613e-34,0.9303085990296,-4.145129682415e-06,-3.606675914078e-39,-4.005432148801e-07,0.001512922442293,-1.922052075261e-36,-0.004415435856807,-0.001514903045473,1.9238538287e-36,0.00441522986316,149.26702426791354,-1.6502269508523772e-32,121.69356525469273,192.58756023740486
0.450023,384.8091569611,-2.2266618866629998e-32,322.5856109981,0.03839681762745,-8.15539947326e-35,-0.07172433960027,-0.06595926760455,-1.37385872017e-34,0.0968517127164,-0.03141910796777,7.345062420144e-35,0.06374853229148,-1.374667439714e-07,4.147282996815e-41,-1.14059449524e-06,384.7501752656883,-2.241210806770533e-32,322.67448576291304,502.1469118986377
0.460013,134.4062339746,-7.552289327411e-33,108.5861421351,0.01298134919387,6.336223471913e-36,-0.02187683138067,0.02125674121745,-1.008536121688e-34,-0.04954216077241,-0.02094313487593,6.792289222228e-35,0.02687547723764,-0.01732881437458,2.171095532478e-35,0.05057964781791,134.40220011576082,-7.557172868560828e-33,108.59217826800248,172.7895036654329
0.470017,130.3979115538,-6.660140349271e-33,105.2025397337,-2.221260992381,-7.283674996644001e-33,5.701623314941,0.003686176207372,-5.497692529169e-35,-0.01338026066691,-0.0190389238981,4.4823533921989997e-35,0.03855226574171,1.731947944223e-15,2.802596970412e-46,-1.998901392795e-06,128.16129781372825,-1.3953968737284423e-32,110.9293330548144,169.50113624777
0.480026,662.5043215585,5.397352041196e-31,-28.60193965378,-213.2430038857,-5.44356392707e-31,391.6724352835,-0.05812911129319,-7.408115830846e-35,0.09070957319006,-0.01268102900549,3.02506447981e-35,0.02575643577809,-1.279848505151e-07,2.595092690722e-41,-2.475738558104e-06,449.19050740451655,-4.665019074959423e-33,363.1869591629496,577.6477120601769
0.490039,164.4326648551,4.4552614440469996e-32,61.94166993471,-34.85747681764,-7.006290862132e-32,42.76656663249,0.01669426018692,-1.024306059367e-34,-0.04196521821566,-0.02727618836066,7.618368501062e-35,0.04620788643074,-0.01002535312993,1.339539438277e-35,0.02954740949791,129.55458075615633,-2.552314570739331e-32,104.74202664491298,166.59916428538017
0.500005,239.4491804751,1.3668810509669999e-31,27.8141144701,-56.45667399443,-1.642307188625e-31,126.4080510029,-0.005500484307674,-3.531905505454e-36,0.009065704480797,-9.026745916912e-07,6.209952328083e-40,-4.959106479419e-07,-3.08770755291e-07,7.473222912496e-41,-1.235961928302e-06,182.987004784917,-2.7546144975578e-32,154.23122944560822,239.31467998528439
0.510023,182.1319391724,2.447952286095e-32,126.179460198,-9.793336083029,-2.0886836251099997e-32,14.77266227443,-0.001175602872563,-7.284212510589001e-37,0.001948051481669,2.060498202789e-09,1.3877058898989998e-42,3.623962496135e-07,-8.568078208036e-09,1.1403767072599999e-42,-5.683898968698e-07,172.33742747999085,3.591958191127025e-33,140.954070317918,222.6392572068315
0.520041,624.6129271888,3.339506370713e-31,191.0568855598,-102.1217017558,-2.745663799654e-31,229.6251163892,-0.06545014382756,-1.59873044852e-34,0.09304197450045,-0.03970312594355,9.692499919301999e-35,0.08192775848401,-2.261336029931e-09,3.059034593204e-43,-1.14059449524e-06,522.3860721609675,5.93213090605469e-32,420.85697054138996,670.8262055413755
0.530014,234.4676797324,1.254924636722e-31,12.41375483057,-82.87689363859,-1.6898028303589999e-31,109.9547317009,0.00250767617634,-8.986418756860999e-35,-0.01623889947293,-0.02982876963436,7.354265552371e-35,0.06164882751776,7.10542746348e-15,2.802596970412e-46,-4.730224638081e-07,151.56346500035198,-4.350414089574461e-32,122.41389598649236,194.82465412135264
0.540021,191.3052476272,2.295630243404e-31,-88.47888526825,-79.84293669121,-2.173914070623e-31,181.9637523038,-4.131048345986e-06,-1.4490119979780001e-39,1.220703147169e-06,-8.544284469993e-07,5.217667647336e-40,-9.727478132504e-07,-3.537080518519e-08,7.774684255619e-42,-1.86920164623e-07,111.46230591514241,1.2171616358629427e-32,93.48486709658516,145.47599807523915
0.550032,243.0953972963,1.146622359718e-31,79.44522743054,-41.07834753225,-1.100603881852e-31,90.48531965621,-0.0229352435142,-1.290681584594e-35,0.03857973156244,6.235140441387e-09,7.1410170806089996e-43,3.623962496135e-07,-1.287776327002e-08,1.9353333379179998e-42,1.945495676239e-07,201.99411451389318,4.588940973403493e-33,169.9691273752582,263.9907698366717
0.560018,468.2711384857,1.5430436563069999e-31,159.0780420023,-81.9822298358,-1.889034002399e-31,143.982421808,-0.07480792693129,-1.65402296274e-34,0.109568483078,-0.04030208278791,1.021714506474e-34,0.08473442203901,-3.487483664975e-09,5.107732978575e-43,1.945495676239e-07,386.1737986366934,-3.4662265454315844e-32,303.2547669099666,491.01288822912943
0.570018,110.3588936081,2.1057504171289998e-31,-132.1659119655,-83.81106603587,-2.05733729388e-31,152.1269235201,0.0187541128101,-4.790223175386e-35,-0.03947183667826,-0.0079115664395,3.062712265668e-35,0.005778961267758,-0.01084934464882,1.7273529612529998e-35,0.03369465305947,26.547820773951788,4.8413107454153397e-33,19.96101333224899,33.214888846661644
0.580038,288.9939957223,9.883600744995001e-33,178.8475745482,-24.5742298918,-4.8534769689259994e-32,32.10237070951,-0.01725171445417,-9.950612214268e-36,0.02928226514582,-1.063027131729e-06,7.660401357658e-40,5.53131115737e-07,-4.144336549188e-07,1.109754131463e-40,-8.544921960549e-07,264.402512638585,-3.866111867946371e-32,210.97922722149474,338.26161917748846
0.590027,359.777961465,6.950494544501e-33,252.4015826142,-30.46525252026,-2.091936188148e-32,7.24593741247,-1.515299868891e-06,-1.784335859125e-39,-7.82012947127e-07,-1.845851376819e-06,1.215043355616e-39,1.716613834901e-07,-2.229066256041e-07,5.448136406601e-41,-7.591247629932e-07,329.3127053606821,-1.3968867851790139e-32,259.6475186571937,419.36105190731433
0.600011,169.976085418,1.391544732397e-31,-33.17782654372,-56.82180234038,-1.422462467644e-31,120.1820247189,-3.423347951439e-06,-2.291448685079e-39,2.670288165518e-07,-2.102060213886e-06,1.363059992271e-39,1.716613834901e-07,-1.71197731633e-07,4.153182463438e-41,-1.426696794425e-06,113.15427738101411,-3.091774411556861e-33,87.00419718717339,142.7361930899239
0.610036,101.2370734663,6.962124496493999e-32,11.78568510749,-44.12045965652,-5.426603348451e-32,31.60747835528,0.0307202695004,-2.340273010765e-34,-0.08623458990804,-0.06546596767718,1.885483185014e-34,0.1306605167785,-0.01075163853488,1.8466024215149998e-35,0.03446150258872,57.07111647306835,1.5328198522070047e-32,43.472050892229184,71.74211834242907
0.620028,256.1380148244,-4.049665562224e-32,198.8416170281,-4.500683315356,-1.171528199476e-33,0.8323338441898,-0.07203973310693,-1.166869833741e-34,0.1151679819102,-0.02331436366747,6.292613073362999e-35,0.05071924285173,-5.081591720001e-08,1.229134953313e-41,-2.857208290351e-06,251.54197736145366,-4.172194466206512e-32,199.8398352398434,321.2620832336082
0.630004,169.7686084585,-1.5821548118179997e-32,126.8116628446,-4.394903066245,-5.971979377886e-34,-1.653515138231,-1.333745171707e-06,-1.903893664974e-39,-5.912780810036e-07,-1.824285775892e-06,1.395571518427e-39,-1.544952411621e-06,-2.680778341847e-07,7.578166156054e-41,-1.86920164623e-07,165.37370196614623,-1.641874648850908e-32,125.15814538321834,207.3958115723521
0.640024,173.7543669736,1.399574925373e-31,-19.13433152578,-66.73380847744,-1.471090138228e-31,101.8731901689,-4.845328863193e-06,-3.586091539979e-39,4.577636826752e-07,-3.405364380378e-06,2.412442681746e-39,8.392334149221e-07,-5.355108891131e-07,1.862652189386e-40,-1.86920164623e-07,107.02054970995589,-7.151522272883641e-33,82.73885975319692,135.27422878538368
0.650006,499.8428728928,3.7165190804339998e-31,-25.7866953067,-160.3804358479,-3.665110395966e-31,282.6273593925,3.89782868639e-07,-5.849850847251e-40,1.716613834901e-07,-8.206959465964e-07,5.446251660139e-40,-1.90734826333e-08,-1.588171084162e-08,2.454514426686e-42,-1.14059449524e-06,339.4624365981052,5.140868408894563e-33,256.8406630977934,425.6781320218797
0.660005,319.305287502,1.5468705517249999e-31,75.09619787538,-97.36855360915,-1.309684439039e-31,94.99610897476,-2.14065843117e-06,-5.829125642655e-40,-1.354217545497e-06,-5.151467916178e-07,3.337415148977e-40,3.623962496135e-07,-4.877334475697e-09,7.21948979578e-43,-5.683898968698e-07,221.93673123216743,2.3718611020150882e-32,170.0923052899288,279.6199295273169
0.67003,329.0055742648,-4.2327246005949996e-32,227.913505634,23.58205529552,-2.6599431704279996e-32,39.09389900288,-0.09942831303412,-7.812091309115999e-35,0.1745571925425,-0.01392567504209,4.022026873118e-35,0.03159254121174,-9.773446464553e-09,1.4217574430899998e-42,-3.776550307464e-07,352.47427556247027,-6.89645783531682e-32,267.2135539929792,442.31346166587224
0.680016,123.269361937,-2.1102764670519997e-32,88.80574477532,91.30269939645,-1.6420347022899998e-32,62.83307152917,-6.285980797934e-06,-2.324765117085e-39,6.484985487987e-07,-2.058789736639e-06,1.603512863113e-39,-2.098083487567e-07,-1.488318834676e-07,3.60454608051e-41,-8.544921960549e-07,214.5720528398476,-3.752311237862679e-32,151.638815888688,262.746068179963
0.690017,154.0419291684,-1.238691374485e-32,103.5099752806,-2.470282948496,-5.013527699595e-33,3.552928481593,-1.341306076966e-06,-2.295519457179e-39,2.670288165518e-07,-2.500830531033e-06,1.822217441335e-39,-1.14440915695e-07,-3.983825502472e-07,9.751580106608e-41,-1.045227062178e-06,151.57164197938485,-1.740044182023121e-32,107.06290286955382,185.57054675562696
0.700011,297.3647778336,1.418467283567e-31,60.93155247825,-46.86837821238,-1.380625467265e-31,122.9701758733,-1.511973915506e-06,-2.363690526536e-39,-2.098083487567e-07,-2.596312636868e-06,1.808431466838e-39,5.53131115737e-07,-3.216145477676e-07,7.633783692931e-41,-2.666473424227e-06,250.49639519131887,3.784181151278771e-33,183.90172602839934,310.7543866787239
0.710023,316.4394988333,3.4442157714639997e-31,-148.4553872021,-122.890065138,-3.5023902935789998e-31,286.1160288697,-2.281047092074e-06,-6.59464799863e-40,8.392334149221e-07,-5.778370595295e-07,3.820022347282e-40,-1.14440915695e-07,-8.120554483284e-09,1.142758914685e-42,1.945495676239e-07,193.54943082829524,-5.817452487819809e-33,137.66064258694206,237.51175695406502
0.720025,104.6051306156,3.6499062612799995e-32,18.90461398281,-14.76293341723,-5.304535532297999e-32,47.5639628393,0.004213450066971,-6.149818167855e-35,-0.01713706995751,-0.01926621636526,5.651865983282e-35,0.0458264166985,1.012523413546e-14,2.802596970412e-46,2.899170006856e-07,89.82714443207172,-1.6551272232025448e-32,66.49726645876798,111.76225804496195
0.730017,191.872895449,1.084879945877e-31,14.9970140105,-51.20935381942,-9.329024918183e-32,90.24130614044,-2.638418916847e-06,-9.550185488314e-40,-5.912780810036e-07,-1.045483345355e-06,7.099559664924e-40,-1.90734826333e-08,-8.675914528962e-08,1.5940891308000001e-41,-6.637573299315e-07,140.66353785891857,1.5197745176748324e-32,105.2383188768311,175.6739441209453
0.740028,311.6227072373,1.544425338676e-31,44.74507707037,-74.83496163789,-1.723373147366e-31,126.6007647592,-2.528945078798e-06,-2.4537271771970002e-39,7.629395042841e-08,-2.787881252207e-06,1.873160806986e-39,7.629395042841e-08,-3.76689974214e-07,7.466959108268e-41,-5.683898968698e-07,236.78773990589372,-1.7894781374896779e-32,171.34584141376803,292.2803981445443
0.750023,197.5003225678,1.176862670494e-32,114.7236687565,60.79000163375,-3.885316313799e-32,63.98372372841,-0.02384103640321,-6.161084713166e-35,0.03904636441241,-0.01614161883429,4.439574243155e-35,0.03959949552416,-1.724677937296e-09,2.167808756613e-43,-1.86920164623e-07,258.2503415445878,-2.7101751537533326e-32,178.78603815792638,314.09821130994004
0.760001,164.9273397583,5.782281210731e-32,16.14790338856,-41.75522533904,-8.231622938222999e-32,68.05353612264,-2.726572456813e-06,-1.552241733747e-39,2.670288165518e-07,-1.648733641462e-06,1.025775714543e-39,-1.90734826333e-08,-1.10472784923e-07,2.209553438488e-41,-4.730224638081e-07,123.17210993348111,-2.4493417779290477e-32,84.20143928613285,149.2020477182598
0.770009,233.8477274675,1.506953077775e-31,-6.407490112893,-72.47381767066,-1.593311728519e-31,132.9196637696,-1.019059817417e-06,-3.674512913876e-40,1.716613834901e-07,-4.754114653736e-07,2.949311520514e-40,-4.959106479419e-07,-5.024447000054e-09,6.50342626984e-43,-2.094268825857e-06,161.37390829734426,-8.635865146269792e-33,126.5121712381889,205.05332904042427
0.780024,184.0199929571,1.752148037299e-31,-81.13272189934,-107.2906868617,-1.7908801354469999e-31,131.1312141068,-3.9797714878e-06,-7.386905728405e-40,9.346008479838e-07,-7.004683912587e-07,4.396572596035e-40,-5.912780810036e-07,-1.160611424275e-08,1.479631070529e-42,-9.155273156125e-08,76.72930140355399,-3.87321011235368e-33,49.99849245923004,91.58184832199619
0.790022,322.3382076548,2.058160543042e-31,1.297497295402,-27.28148283465,-2.390011320723e-31,192.9123310988,-1.030523484326e-06,-1.272185785506e-39,7.629395042841e-08,-1.480425632516e-06,9.414762601405e-40,-1.14440915695e-07,-1.391452752215e-07,2.778690818254e-41,-7.591247629932e-07,295.0567221700556,-3.3185078071022614e-32,194.20982759693027,353.23636057598424
0.800006,268.1557644162,2.5521353299629998e-31,-91.98071148605,-76.2037837787,-2.8534626300139998e-31,222.6265852056,1.832219125965e-08,-7.375314187335e-42,4.577636826752e-07,-1.135193314057e-08,6.532293018635e-42,-1.14440915695e-07,-6.970232850404e-09,8.431612985483e-43,-7.591247629932e-07,191.95198063750001,-3.013273000509986e-32,130.64587330374803,232.1936844144521
0.810006,279.4618922872,2.432774090803e-31,-73.32214041177,-85.43394276562,-2.392317158789e-31,198.7619986755,-3.63343621204e-07,-1.566005707858e-40,-2.098083487567e-07,-1.767166715315e-07,1.104287666072e-40,-6.866455140653e-07,-9.330339430491e-09,1.1330899551369998e-42,9.918213456217e-08,194.02794897218936,4.045693156361311e-33,125.43985746645826,231.04545618462157
0.82001,255.6827585483,1.952422174397e-31,-54.89996747762,-67.42723335942,-2.238311880716e-31,182.3186452186,7.736399538145e-07,-9.338822032596e-40,-1.90734826333e-08,-1.268417514849e-06,8.770731422799e-40,-4.959106479419e-07,-1.588217856137e-07,2.99072129205e-41,-1.235961928302e-06,188.25552453528064,-2.8588970658801846e-32,127.41867599003393,227.32281343742625
0.830022,200.6417995405,1.2783371452879999e-31,-34.17641369606,-54.10832756175,-1.645078433441e-31,130.6002766329,-1.307776870477e-06,-7.962818386347e-40,3.623962496135e-07,-1.150655313391e-06,7.424442310928e-40,-1.90734826333e-08,-1.519548080581e-08,1.718412332408e-42,-1.235961928302e-06,146.53346950512233,-3.66741288674192e-32,96.42386204420085,175.41271007748466
0.84,159.8170087151,1.4268037677919999e-32,76.64660554657,-18.20677510634,-1.9416828332229999e-32,11.85406129322,-1.397324006319e-06,-9.408156880346e-40,7.629395042841e-08,-1.385747158627e-06,9.245618867748e-40,5.53131115737e-07,-1.621965128617e-08,1.965040865804e-42,1.945495676239e-07,141.6102308094692,-5.1487906685987606e-33,88.50066766376463,166.990495678177
0.850003,194.4389971907,-2.895298072486e-32,120.4554977133,-6.527131665978,5.858076518515e-34,-2.950203851315,-0.0308066752815,1.987554823292e-36,0.06759775262472,-4.265962916577e-07,2.882159895805e-40,-4.959106479419e-07,-1.682894371455e-08,2.157439147823e-42,-7.591247629932e-07,187.88105840601526,-2.8365185227811774e-32,117.57289035957432,221.63636131120046
0.860012,108.2854454064,-8.233624774899e-33,68.14012807578,22.94727882229,-5.7894530885670004e-33,14.25289298554,-2.305714752134e-06,-5.073623972147e-40,1.716613834901e-07,-1.022527806254e-06,7.204110544905e-40,-2.098083487567e-07,-1.08463543882e-08,1.477388992952e-42,-3.776550307464e-07,131.23272088960107,-1.4023077648939954e-32,82.393020645518,154.9536604381474
0.870018,25.8758448022,1.354900054816e-32,-2.020294406717,0.1261513369387,-1.499663393886e-32,18.43687459762,-3.253517297839e-06,-2.441978410438e-40,6.484985487987e-07,-7.663539458423e-07,5.807583481041e-40,2.670288165518e-07,-6.611975654485e-09,9.554053072133e-43,1.945495676239e-07,26.00199211265548,-1.447633053184087e-33,16.416581300979935,30.750735526785075
0.880026,138.8173559552,2.709948169729e-31,-192.3186584544,-90.21361242981,-2.576138663481e-31,213.128571067,-1.836983305203e-06,-6.422997341983e-40,3.623962496135e-07,-1.279434385784e-06,9.483461259642e-40,5.53131115737e-07,-2.158912656399e-08,2.957580582875e-42,-9.498596291166e-07,48.60374038738317,1.3380950933803983e-32,20.809912578267724,52.87131586370143
0.890029,359.7407788418,1.241543820972e-31,70.97049246148,-76.10694131383,-1.425260031858e-31,97.66816799027,-0.007386874029495,2.3632274105589997e-36,0.01730783488315,-2.797313375541e-07,1.866776210828e-40,-3.051757818184e-07,-5.453920019162e-09,7.638478042857e-43,3.81470150046e-09,283.62645036875523,-1.836925767374797e-32,168.6559679852721,329.9830281784642
0.900014,60.59209493231,-1.9810972377900003e-33,35.17192379254,-20.78603210444,-1.246153843984e-32,4.407030724392,0.005755044524326,-5.844177473328e-35,-0.02321092640177,-0.01586454494946,6.229326069946e-35,0.04707916329919,-7.016609620187e-15,-1.401298485206e-46,2.899170006856e-07,39.795953327444856,-1.443878419166396e-32,39.602823043746426,56.14357927915233
0.910031,140.225919553,-1.683139229035e-32,73.24676587711,-6.751939431965,-4.478720788513e-34,-2.105745914366,-1.290400305853e-09,-2.725259307013e-41,7.629395042841e-08,-6.216058681042e-08,3.350490665142e-41,-7.82012947127e-07,-5.122300493488e-09,6.495018478929e-43,1.945495676239e-07,133.4739800524617,-1.7279264362299484e-32,71.14101945157456,151.24929090628575
0.92,255.1873991094,-1.932555006048e-32,130.3841226134,-4.49257805482,-7.834428386152e-33,9.524174908462,8.079730327953e-07,-6.219247140936e-40,-5.912780810036e-07,-7.878183374931e-07,6.191905004892e-40,-1.90734826333e-08,-2.015468402229e-08,2.734633993879e-42,2.899170006856e-07,250.69482105458,-2.715997844663158e-32,139.90829720142742,287.09271138325823
0.930006,135.6748635617,1.0568319193359999e-32,56.78647027651,-7.132147328805,-2.207712029501e-32,24.85705310668,-1.638501423242e-06,2.507574593829e-40,7.438659818604e-07,-1.159227391144e-07,8.103036516672e-41,-1.90734826333e-08,-2.498978006239e-09,3.485029332707e-43,-1.045227062178e-06,128.54271447597185,-1.1508800769513671e-32,81.64352306275543,152.27900151678793
0.940018,194.8335831993,1.869553240267e-31,-104.4443873406,-48.46696702258,-1.990045049993e-31,185.3203409767,-1.697737064251e-07,2.25955176844e-41,1.716613834901e-07,-2.187418212517e-08,1.204163814307e-41,1.716613834901e-07,-1.366862066139e-09,1.8609243883529998e-43,2.899170006856e-07,146.36661598370526,-1.2049180937776732e-32,80.87595426933977,167.22471783052222
0.950034,122.8340637551,5.217389848545999e-32,13.00512494959,-12.16588911519,-5.482885280702e-32,53.43215457428,-1.824338333895e-06,-5.584436506362e-40,2.670288165518e-07,-1.60599741163e-06,1.340223170988e-39,3.623962496135e-07,-1.908754263112e-08,2.5507836326199998e-42,-8.544921960549e-07,110.66817119048672,-2.654953537229701e-33,66.43727929880286,129.078875867719
0.960022,39.82389140505,-4.5251406867320004e-33,13.59972924128,-2.179830125998,-4.733191670391e-33,6.814201437447,-3.01916343575e-06,-6.159932978654e-40,5.53131115737e-07,-2.184494099676e-06,1.823138935219e-39,4.577636826752e-07,-1.141954865921e-07,2.23439846063e-41,-3.776550307464e-07,37.64405596119897,-9.25833112763338e-33,20.413931311966767,42.82293241733425
0.970027,261.4415114876,-2.8359219923159995e-32,138.223332165,-1.95181276904,-7.237696044061001e-33,6.543858821152,-0.06309327269532,6.038697772036999e-35,0.1674259020005,1.278976943426e-14,0.0,-7.82012947127e-07,3.4816594571049996e-14,4.203895455617e-46,-7.591247629932e-07,259.42660544586477,-3.5536528989500206e-32,144.93461534701478,297.16696710595465
0.980005,43.98557507643,1.189944650606e-33,10.42180493715,-14.39997004739,-1.456132596664e-32,14.9208174801,-4.639856182959e-07,1.204388022065e-40,-1.90734826333e-08,4.596323390439e-15,-1.401298485206e-46,-1.90734826333e-08,9.325873545818001e-16,4.203895455617e-46,-9.155273156125e-08,29.58560456505439,-1.3371381195594913e-32,25.342622287550302,38.955827572896055
0.990034,129.5289124843,2.6858650220019996e-32,33.68377501553,12.71799836627,-2.8638009763369995e-32,38.61291983922,-3.079139666848e-06,1.773722984917e-40,9.346008479838e-07,-9.835505299993e-07,8.88480132339e-40,2.670288165518e-07,-8.986410224101e-09,1.4476814650659998e-42,-1.045227062178e-06,142.2469067788934,-1.7793584760498873e-33,72.2966950111526,159.56501683545426
1.000022,267.8483770265,2.334816451097e-31,-109.4401030898,-53.2742680882,-2.278986190357e-31,220.2423599923,-1.313430789405e-06,-3.881004054761e-40,6.484985487987e-07,-1.092193967133e-06,9.866228743473e-40,2.670288165518e-07,-1.078058343117e-08,1.8005284236409997e-42,3.852844337473e-07,214.5741065218946,5.583026674322979e-33,110.8022582033118,241.49365957023124
1.01002,230.9666391944,1.475038434013e-31,-52.31248805482,-49.3120430553,-1.784194909155e-31,160.217798694,-0.004488474986955,-1.308859697839e-35,0.009746151115692,-0.003974688763105,2.159877122247e-35,0.01436250708048,1.456612630013e-14,-1.401298485206e-46,-4.730224638081e-07,181.64613297534999,-3.0907137339956056e-32,107.92941882435372,211.29145054322782
1.020017,41.78854122057,-7.349574009115001e-33,22.82772349518,-0.3515980921931,-2.6443093072810002e-33,2.56022920132,-2.630185185873e-06,4.959084636563e-40,7.438659818604e-07,-3.708285676942e-07,3.308492348242e-40,1.716613834901e-07,1.527666904648e-14,1.401298485206e-46,-7.591247629932e-07,41.436940127363165,-9.993882489638163e-33,25.3879528529026,48.59596852805678
1.030011,176.9331621869,-1.276513432066e-32,86.58113516452,-0.01137974914925,-1.161010717201e-35,0.01812580135653,-9.450166203393e-07,-9.72560143399e-40,2.670288165518e-07,-1.660868364852e-06,1.607139563723e-39,3.623962496135e-07,-2.803449318941e-08,4.4736454140189995e-42,-1.045227062178e-06,176.92177980383127,-1.2776743788778942e-32,86.59926055007453,196.97905496974812
1.040016,124.130646421,-2.894063331182e-32,65.62355994081,-0.01364436335066,-1.061176975882e-34,0.02057993919522,-0.01276298951342,-2.42138345243e-35,0.03173788117972,-0.007771906832635,4.736589194255e-35,0.02967165037501,1.045830104781e-14,1.401298485206e-46,-2.822875976847e-07,124.0964671613033,-2.9023598951989804e-32,65.70554912927234,140.41777789260036
1.050018,29.27663491774,2.9011741505700004e-33,16.4932213669,-0.01089618286145,-1.0712021570569999e-35,0.01712453867681,-4.081404852196e-06,3.4079158770660002e-40,1.602172879416e-06,-1.349057154017e-06,1.353713611635e-39,6.484985487987e-07,-1.630913015626e-08,2.5122479242769998e-42,-9.155273156125e-08,29.265733288107413,2.8904638260168778e-33,16.510348064695506,33.60170736894233
1.060002,388.5160023104,-6.656821122223e-32,204.1187990331,-0.02586287804282,-3.162439992642e-34,0.04298003260762,-0.053808999239,7.327669817867e-35,0.1671668840523,1.089098427684e-08,-1.7122466190729998e-42,-2.098083487567e-07,-1.089097794857e-08,1.7122466190729998e-42,-4.730224638081e-07,388.4363304331182,-6.681117852331552e-32,204.32894526692914,438.8998754548038
1.070024,103.8027202934,-1.43958476994e-32,42.95389741427,-0.01080372070202,-1.053532042806e-35,0.01733501460158,-7.768471127119e-07,2.56300435671e-40,1.716613834901e-07,1.57868986904e-10,6.305843183425999e-44,-2.307891876114e-06,-3.447857828438e-10,5.451051107450999e-44,-1.426696794425e-06,103.79191579566395,-1.4406382763410054e-32,42.9712288659443,112.3356056412372
1.080011,26.06721821097,-2.1605651425280003e-33,9.641271908675,-0.6988046496988,-2.17231847007e-33,3.105879441476,-5.507315684653e-06,1.199466661785e-40,1.697540312477e-06,-2.4148790046e-06,2.549264064543e-39,5.53131115737e-07,-1.629533788873e-07,4.170502512715e-41,-9.498596291166e-07,25.36840547612313,-4.332880901682244e-33,12.7471526509628,28.39094744998733
1.090018,203.8859754641,2.520717903971e-31,-150.7463767984,-77.68941154254,-2.745808293246e-31,260.5723915591,-4.043198668165e-07,-9.91168966893e-40,2.670288165518e-07,-1.601339889948e-06,1.595808383912e-39,3.623962496135e-07,-2.402354780377e-08,3.6849946265459997e-42,-7.591247629932e-07,126.1965618918767,-2.2509038319175585e-32,109.82601463100032,167.29412937416234
1.100021,136.6298197886,6.739996912424e-32,-22.29547704094,-10.20405742838,-7.293143355067e-32,75.31646876389,-2.218766130979e-06,-1.580291945915e-40,6.484985487987e-07,-1.17368914558e-06,1.16471614091e-39,-1.735687277744e-06,-1.720856727224e-08,2.6718558217419997e-42,2.899170006856e-07,126.42575895055617,-5.531463417071197e-33,53.02099092567828,137.09375625813524
1.11001,214.9438167988,1.002239469954e-32,88.41636878336,-0.9027703655063,-7.391941493534001e-33,8.272200497869,-6.853625410294e-07,-8.689465919746e-41,7.438659818604e-07,-4.559686891058e-07,4.302769675435e-40,-1.14440915695e-07,-5.222862331622e-09,7.886507874738e-43,-2.822875976847e-07,214.04104528673957,2.630453550176958e-33,96.68856962836645,234.86644835782647
1.120022,114.6061087483,-6.896824726802e-33,47.01058560089,-0.03531285166426,-6.045809576487e-35,0.114264041696,2.95029151731e-08,-1.855795635897e-41,-2.098083487567e-07,-2.950288933266e-08,1.855725570973e-41,-6.866455140653e-07,5.32907059761e-15,1.401298485206e-46,4.80651866809e-07,114.57079589663577,-6.957282822567431e-33,47.124849226784015,123.8838919595106
1.13,35.80043824982,5.020079781287e-33,21.29548877381,-0.01202605930087,-1.418204663848e-35,0.02521536864662,-2.550378082756e-06,9.613482140891e-41,1.220703147169e-06,-1.162918716267e-06,1.180462391858e-39,2.670288165518e-07,-1.922421359659e-08,2.8023167107149998e-42,-9.155273156125e-08,35.78840845799811,5.00589901404805e-33,21.320705538635853,41.6579243916656
1.140019,211.87678079,-3.086808794082e-32,89.45392534873,-0.02270406053082,-4.956571207554e-35,0.06040061087014,4.175324059874e-07,-9.126872834112e-40,-1.14440915695e-07,-1.279051444744e-06,1.256162497847e-39,6.484985487987e-07,-2.031413028086e-08,2.8987260464969995e-42,-2.822875976847e-07,211.854075847636,-3.09176533065216e-32,89.51432621137016,229.98905202276805
1.150017,181.3594312531,-1.127171744873e-32,73.91209029186,-0.0006236543750813,-1.18462470089e-34,-0.02372719800065,-0.01957417265885,5.023732480554e-36,0.06657131294268,-0.006706904292709,4.7539781850069997e-35,0.03264215518001,1.771915973705e-14,-4.203895455617e-46,-9.498596291166e-07,181.3325265217734,-1.1337616404488795e-32,73.98757561212241,195.84597652167682
1.16002,85.32078881141,-1.7136703526419997e-32,34.96630073199,-0.009936720383075,-8.845699667862999e-36,0.01816857365025,-1.102546422025e-06,4.504441750829e-40,2.670288165518e-07,-6.758338522937e-09,4.030414703149e-42,7.629395042841e-08,-1.620925640106e-15,2.802596970412e-46,3.81470150046e-09,85.31085098172215,-1.7145548771612993e-32,34.984469652777726,92.20550098617615
1.17002,41.28765313588,-4.1014455081260006e-33,15.13305283223,-0.009809749223091,-8.939507184021e-36,0.0182212164733,-2.978506244727e-06,4.622173244362e-40,3.623962496135e-07,-1.355911105848e-06,1.332546157237e-39,5.53131115737e-07,-1.91535276218e-08,2.5722234994439998e-42,-1.86920164623e-07,41.27783903308604,-4.1103832179743164e-33,15.151274777310501,43.9706848095288
1.180004,109.3061345729,-2.2568233927589998e-32,54.65381245753,-0.009675987265683,-8.97964754154e-36,0.0182855418069,-1.375545830731e-06,1.256112751751e-40,7.438659818604e-07,-8.275007166453e-07,7.948108956148e-40,-1.90734826333e-08,-1.097692287325e-08,1.4261014683939998e-42,-1.903533959734e-06,109.29645637161086,-2.2577212653283269e-32,54.67209682059544,122.20782931609578
1.190008,123.9183420048,-4.9196841322200005e-33,53.47522649937,-0.009522273501942,-8.677624001669e-36,0.01835134533572,2.824363053997e-07,-5.108363562893e-40,-3.051757818184e-07,-7.4692427397e-07,7.12985994207e-40,4.577636826752e-07,-2.013103243014e-08,2.53663051792e-42,2.899170006856e-07,123.90881924667906,-4.9283615515354006e-33,53.493578287210624,134.96280378339847
1.200006,159.4940490036,-2.725312204807e-32,67.59206833291,-0.01251989681298,-9.615213264065e-35,0.02441261327882,-0.01269026158454,3.236092834403e-35,0.05415256580938,1.882938277822e-14,5.6051939408230006e-46,3.623962496135e-07,-2.094990878685e-14,-9.809089396441e-46,-4.730224638081e-07,159.46883884520247,-2.731691325236704e-32,67.67063340137199,173.2328640517729
1.210001,40.83879584728,-1.2773869380959998e-32,51.08281927292,-0.009331113403953,-8.048202280844999e-36,0.01846173313949,-2.162555488533e-06,7.460974162437e-40,9.346008479838e-07,-5.952505886301e-07,5.63170931076e-40,7.629395042841e-08,-5.234771760798e-09,6.761265191118e-43,-9.498596291166e-07,40.82946197083519,-1.278191627329637e-32,51.10128106709466,65.40937158791608
1.220022,128.0018381514,5.810395945669e-33,52.40596657166,-0.009164234854569,-8.180688232501e-36,0.01851742772039,-1.294496656461e-06,2.04401804843e-40,7.438659818604e-07,-7.262241358355e-07,6.505666946118e-40,2.670288165518e-07,-7.174885897964e-09,9.114045347778e-43,-1.617431660549e-06,127.99267188864975,5.8022161133164025e-33,52.424483392843534,138.31287183845933
1.230012,241.6594155913,-1.8044591713629997e-32,103.349492055,-0.009002841708102,-8.068353733865e-36,0.01857660321261,2.669740361819e-07,-2.594620453133e-40,-7.82012947127e-07,-3.257049546862e-07,2.7829886007080002e-40,-1.14440915695e-07,-1.295450715463e-08,1.6420415649639998e-42,-6.637573299315e-07,241.65041267790647,-1.8052660046885004e-32,103.3680670980014,262.83051429196615
1.240004,23.28466287903,-1.376018914561e-32,36.23861082909,-0.007412093953734,-8.504539343174e-36,0.01913292913337,-9.28329214722e-07,2.521841213707e-40,4.577636826752e-07,-3.474140432035e-07,2.952880627756e-40,-1.14440915695e-07,-2.229361173358e-09,2.830622940116e-43,-7.591247629932e-07,23.27724950710365,-1.3768693137197924e-32,36.25774334242138,43.08659068551211
1.250005,143.3152074203,-3.4697006703799995e-32,95.26099107639,-0.002341257170403,-1.8342723861890001e-34,-0.02219888720212,-0.02088838361423,1.80940849128e-35,0.09086254255269,-0.007839833436312,6.723354603934999e-35,0.0513609703088,2.708944220452e-14,0.0,-6.637573299315e-07,143.28413794607908,-3.4795106311466744e-32,95.38101503829203,172.12751731401318
1.260016,95.42729662997,-1.0943579639939999e-32,50.76856019212,-0.001975313507658,-7.999663368919e-35,-0.01959507017724,-0.01215035175232,2.354424979999e-35,0.05765045251922,-0.002098238400357,1.830757222807e-35,0.01411369344762,-1.174720060967e-14,-2.802596970412e-46,-2.571105991166e-06,95.41107272630965,-1.098172445160141e-32,50.82072669680361,108.10189203143652
1.270018,134.8386036663,-2.411597239503e-32,42.01468207247,-0.01278604915531,-2.505338621416e-35,0.03763936098873,-9.49967481956e-08,-2.62728752342e-40,-2.098083487567e-07,-6.393875595886e-07,5.922457726963e-40,-2.098083487567e-07,-1.43236764974e-08,1.731724668017e-42,2.899170006856e-07,134.82581686843668,-2.4141025449995412e-32,42.05232130375904,141.2317196003639
1.280005,102.1323224128,7.0722977322110005e-34,38.22199546787,-0.005507185686683,-1.689864423705e-35,0.002795867961588,-0.003002366113652,8.784378062123999e-36,0.01579158806491,4.374113758652e-09,-5.371177093794e-43,1.716613834901e-07,-4.37411479116e-09,5.3697757953089996e-43,-1.86920164623e-07,102.12381286099966,6.991155070460339e-34,38.24058290863772,109.0486833229126
1.290004,95.22835103427,-2.1311794723049997e-32,43.48947397663,-0.01611535725047,-2.7620049795329996e-35,0.06853621584976,-3.902483870742e-06,5.98647604826e-40,1.983642611663e-06,-2.336125798669e-06,2.243197213819e-39,1.029968281046e-06,-1.083256887457e-07,2.220063177127e-41,4.80651866809e-07,95.21222933008417,-2.1339411908799877e-32,43.55801368674253,104.70276581991037
1.300018,110.3454658239,-1.404990103889e-33,42.02798871797,-0.02458147165003,-5.177525187155e-35,0.128248579029,-1.857942747448e-06,4.128904967182e-40,1.411438013292e-06,-7.785462080628e-07,7.034448330809e-40,7.629395042841e-08,-1.579659484554e-08,1.9165559382159997e-42,1.945495676239e-07,110.32088169996442,-1.4567642375086643e-33,42.15623897928053,118.10099671017072
1.310007,52.94935955183,-1.616922460697e-32,33.70240779433,-0.01259045090081,-2.0255312454679998e-35,0.050172835144,-1.088049312474e-06,-2.005911137424e-40,-1.14440915695e-07,-1.349567655138e-06,1.199540370085e-39,5.53131115737e-07,-1.819098578899e-08,2.159400965702e-42,9.918213456217e-08,52.93676664512124,-1.618947891831602e-32,33.752581167346335,62.781669285694555
1.320007,328.1954623795,-1.1976262903309999e-32,74.37951602667,-0.4249684521767,-1.208997646826e-33,3.109893861858,3.398121122276e-07,-5.810013332615e-40,-4.959106479419e-07,-8.975376681212e-07,8.022489879743e-40,-4.959106479419e-07,-1.797310946875e-08,2.18518485783e-42,-2.822875976847e-07,327.7704933516246,-1.318526032670316e-32,77.48940861441909,336.80573742051934
1.330009,88.71681322071,-1.4160706377189998e-32,42.69877646176,-0.1286360431753,-3.559507802498e-34,0.942125792237,-6.658590548903e-07,1.916676449886e-40,-3.051757818184e-07,-2.077874299165e-07,1.838025769807e-40,-4.005432148801e-07,-1.05803731132e-08,1.2621495456249998e-42,9.918213456217e-08,88.58817629330784,-1.4516656780707428e-32,43.64090164746014,98.7542063690326
1.340013,43.7457277383,-1.330966193847e-32,36.76803092372,-0.007828758067801,-7.879234618380999e-36,0.01882093457611,-1.252025240466e-06,2.76635378639e-40,6.484985487987e-07,-6.010660124926e-07,5.416869233501e-40,-1.90734826333e-08,-9.045578859732e-09,1.0959555452789999e-42,3.81470150046e-09,43.73789711809536,-1.3317540353670125e-32,36.78685249153588,57.15134434593043
1.350003,-22.61150194778,-2.0999544766869998e-32,97.60391158229,0.004867689635933,-1.267268409924e-34,-0.07064315901165,248.5555494609,4.632445386893e-32,52.30627338627,-0.01049544583143,1.175586849503e-34,0.09436700961541,6.439293638779e-16,-1.401298485206e-46,-1.86920164623e-07,225.93841975692453,2.531574094601776e-32,149.93390863224357,271.1611079782611
1.360004,229.078615637,-5.526610856939999e-32,110.3809736642,-0.008234765283818,-2.3041028676290002e-34,-0.0005126667099059,-0.01919736366728,1.987684625669e-35,0.1125971381753,-0.006029730626077,7.18147324036e-35,0.05688140953901,2.620126377158e-15,7.006492426029e-46,-1.86920164623e-07,229.04515377742285,-5.540482727750191e-32,110.54993935828425,254.32847178608142
1.370021,56.00074710102,-1.593520533068e-32,46.11704547714,-0.007666189813649,-8.127951731818e-36,0.0189293673475,1.853801717557e-08,2.477187436177e-41,8.225441801457e-08,6.461498099602e-15,-4.203895455617e-46,-1.14440915695e-07,2.464695151395e-15,-1.401298485206e-46,-6.637573299315e-07,55.99308092974438,-1.5943333257640505e-32,46.13597414854368,72.55172790940264
1.380009,70.62724199224,-1.7354872630029998e-32,62.35766371187,-0.007568728175936,-8.361205747544999e-36,0.01895702390309,-3.443912761884e-07,-1.854675998408e-40,-3.409385661968e-07,-7.788919348873e-07,7.478528228561e-40,-2.098083487567e-07,-1.062479230441e-08,1.329131613218e-42,-1.331329361363e-06,70.61967213015606,-1.7363233272063188e-32,62.376618853696826,94.22303684020223
1.390019,125.2041039885,-3.845836195162e-33,30.35053907321,-0.007464402203588,-8.295185486810999e-36,0.01898658780734,-1.100777665702e-06,-9.20103795774e-41,6.932020360662e-07,-1.001643004721e-06,9.661025395897e-40,-1.14440915695e-07,-1.394070726661e-08,1.7411133678679998e-42,-1.71279909361e-06,125.19663746993504,-3.854130504815538e-33,30.36952452697937,128.8274274126948
1.400016,124.8446762635,-3.658484442279e-32,74.08914932503,-0.011940915683,-3.469287834991e-35,0.0486613566974,6.09818762448e-07,-9.261442330243e-40,-1.382827709406e-07,-1.269087268134e-06,1.239595085986e-39,3.623962496135e-07,-1.931512193991e-08,2.4204628734959998e-42,-7.591247629932e-07,124.83273466923337,-3.661953698526859e-32,74.1378101467161,145.18824517966232
1.410013,9.931395542531,-2.491272466228e-32,97.28205605033,-0.007272496546904,-8.261993362033e-36,0.01904500036009,-2.312640917878e-06,4.706644918349e-40,9.912252636735e-07,-1.267050670923e-06,1.229884507873e-39,9.346008479838e-07,-1.241789013678e-08,1.5531992410019997e-42,-1.045227062178e-06,9.924119453874617,-2.4920984953539835e-32,97.30110193128914,97.80589237861844
1.420008,29.68842463476,-3.8553948734859995e-32,144.8696104632,-0.007128183381816,-8.284438330093e-36,0.01907232312966,-2.582859446084e-06,1.024614038099e-40,1.01655723808e-06,-2.0489256644e-06,1.985760044817e-39,9.346008479838e-07,-1.90008720258e-08,2.3760417115149997e-42,4.80651866809e-07,29.681291800592202,-3.8562231082592593e-32,144.88868521813959,147.8976341500872
1.43002,133.7987842059,-2.3290462188909999e-32,63.67758963581,-0.000833451430543,-1.027886061021e-34,-0.041669102336,-0.008585971778887,-3.702765924764e-36,0.05773060148926,-0.00381407419488,5.966609260899e-35,0.04752729486715,1.332267649403e-14,4.203895455617e-46,3.81470150046e-09,133.7855507084957,-2.333728746832745e-32,63.74117843364512,148.1941679233203
1.440007,116.4049741796,-1.7261650985259998e-32,99.4414227617,-0.005387896662479,-2.692858220807e-35,0.003741436060394,-0.002632374956597,1.223088604405e-35,0.02294173975203,-4.329558527594e-07,4.242333073067e-40,-4.005432148801e-07,-1.007392589926e-08,1.2529009756219999e-42,-9.498596291166e-07,116.39695346495114,-1.727634825593781e-32,99.46810458710958,153.10831004904395
1.450006,70.37675719413,-2.2460608944529998e-32,88.40966391637,-0.006948286543704,-8.244748858018e-36,0.01915381460121,-2.011157673946e-07,4.830065683732e-41,3.389269226928e-07,-9.769808023839e-08,9.84322502754e-41,7.629395042841e-08,-5.019114271271e-09,6.3254613622189996e-43,-1.522064227487e-06,70.36980860375333,-2.2468853546022563e-32,88.42881662412785,113.01135152042252
1.460005,34.18178922656,-1.739038271356e-33,5.555687448318,-0.006865394483283,-8.251145016851e-36,0.01916568784663,-3.772913545052e-06,7.301038361127e-40,2.437196714568e-06,-1.752024794971e-06,1.758107895507e-39,5.53131115737e-07,-6.210451824451e-08,1.351580414951e-41,-1.903533959734e-06,34.17491824503386,-1.747286914645315e-33,5.574854222958502,34.62663767480156
1.470023,146.9983426761,-4.627128849285e-32,133.3361097392,-0.007564075056055,-1.156288939041e-34,0.0122135927113,-0.007655748513668,2.3233748338419998e-35,0.06744465008296,-0.001039144380235,1.840537772251e-35,0.01486280463432,-3.188126918688e-09,4.038542234363e-43,-6.637573299315e-07,146.98208370496195,-4.634527826028931e-32,133.43063012287126,198.5131380670784
1.480015,27.76843069782,-2.1470555450389998e-32,75.46597942868,-0.003503860312514,-2.449440289545e-35,-0.01246206302139,0.003385959750577,-1.057082639568e-34,-0.06630074804724,-0.005778335554879,1.08429701792e-34,0.04916751934838,-0.000997648038944,1.341184941441e-35,0.0488044784189,27.761536813664243,-2.147891656603584e-32,75.48518861537865,80.4283322378111
1.490001,110.6997350566,-6.358421672231999e-32,185.0976894161,-0.01128265866079,-8.539996086296999e-35,0.04716046403588,-0.004022667137351,1.920095583634e-35,0.03771984942586,-1.076033992928e-07,1.252787470445e-40,-1.831054710806e-06,-2.73018910995e-08,6.313690454943e-42,-7.591247629932e-07,110.68442959589657,-6.365041559575419e-32,185.18256713938226,215.73971847413912
1.500017,48.77317111601,-1.9860988428579998e-32,46.06415186382,-0.006913031911184,-8.390090643716e-36,0.01921561269784,0.00147693632033,-2.67459013048e-35,-0.02148379518067,-0.001073051720044,2.1061182269719998e-35,0.0008031654477631,-0.0004052532237219,5.685344877825e-36,0.02067518646532,48.76625671547538,-1.9869377893380968e-32,46.08336203325025,67.09563361596088
1.510012,38.45527130634,-2.3049445820549999e-32,60.02806863588,-0.006857021713515,-8.382316228229e-36,0.01920869855894,-4.124369177912e-06,7.338737494274e-40,2.830028582395e-06,-2.076717762126e-06,2.084099108743e-39,3.623962496135e-07,-7.042318961753e-08,1.659123393499e-41,-5.683898968698e-07,38.44840801311636,-2.3057825302214135e-32,60.04727995847388,71.30186469619437
1.520028,95.19211186308,-1.382191415608e-32,20.47655174012,-0.006789605222207,-8.382240771809e-36,0.01921742467907,-2.73583456325e-06,3.505163189342e-40,7.785111844616e-07,-1.746376424491e-06,1.770364492838e-39,-1.735687277744e-06,-8.595350533397e-08,2.010849313285e-41,-2.189636258919e-06,95.1853176896933,-1.3830294255862502e-32,20.49576601798672,97.36694063362523
1.530007,73.42099908026,-1.8329553022699998e-32,42.36836823834,-0.006771151366389,-8.411206636268e-36,0.019222145367,-1.128900177607e-06,3.407959317319e-40,-1.968890451594e-06,-2.956465123722e-07,2.914721868705e-40,-3.070831340608e-06,-2.402571989687e-09,5.575766672634e-43,-3.524780321783e-06,73.41422650194434,-1.833796359651057e-32,42.38758181920489,84.77237607474841
1.540022,158.1206828204,-3.8724915200599995e-32,69.93230453986,-0.009242486539483,-2.659735527902e-35,0.03984935819879,-1.003425177379e-06,-8.836588247708e-42,-1.053959140658e-06,-1.034201867585e-06,1.049324675717e-39,-2.593994175299e-06,-4.781159833791e-08,1.1201419571340001e-41,-3.334045455659e-06,158.11143824842188,-3.875151150418951e-32,69.97214691606001,172.9026554134644
1.550011,118.8712860736,-4.2065573424029994e-32,109.0232455859,-0.0109424740062,-7.872086427577e-35,0.04822156977984,-0.002915761107355,9.254135788563e-36,0.02661939332813,-0.000320250339826,6.218689470521999e-36,0.002790622752769,-5.745559502858e-05,7.849980948793001e-37,0.002857307476663,118.85705013255159,-4.21280364649518e-32,109.1037344792374,161.3400856685276
1.560002,29.72988174192,-1.2113635125919998e-32,36.99784562644,-0.006721877092946,-8.361303061279e-36,0.01922371892965,-2.985838268272e-06,7.419567193498e-40,1.125335716416e-06,-1.328524531709e-06,1.32259889981e-39,5.53131115737e-07,-2.66551508972e-08,6.156745024599999e-42,-3.334045455659e-06,29.7231555238091,-1.2121994358268914e-32,37.01706768979103,47.47345863367355
1.570018,-1.288079344304,-1.276236784786e-33,3.410258067403,-0.006666791990048,-8.284922383852e-36,0.01922514944114,-3.609537811895e-06,7.296677520241e-40,2.061873711405e-06,-1.660150691248e-06,1.687248995525e-39,-2.117157009991e-06,-7.800301887677e-08,1.843085858637e-41,-1.71279909361e-06,-1.29475148398557,-1.284519271822246e-33,3.4294814487617473,3.66575018416201
1.580011,14.13342328345,-6.627838100272e-33,11.48754428815,-0.006626201466617,-8.25849513471e-36,0.01923320798924,-1.339298601328e-06,3.26693964426e-40,3.430247420821e-07,-4.678248274204e-07,4.817978082998e-40,-2.975463907546e-06,-3.05321937359e-08,7.060862807254999e-42,-3.429412888721e-06,14.126795244327761,-6.636095779854075e-33,11.506771434287186,18.220102434291885
1.590009,225.7489100501,-4.973691012791e-32,137.7710578205,-0.01169084283297,-1.398474162836e-34,0.05144131737115,-0.007162044329437,3.474889719303e-35,0.07254940781817,-0.0001805007041191,3.42871116172e-36,0.002781276744329,-1.7003069066e-08,3.761085134292e-42,-5.683898968698e-07,225.7298766452304,-4.983857993207777e-32,137.89782925404373,264.51803062031206
1.60002,50.05576572017,-5.7256634744520004e-33,11.60658959518,-0.006159110209479,-1.08224342158e-35,0.01431067488061,0.001288973759283,-3.1133749251399996e-35,-0.02233193669217,-0.001448427674031,2.9151164628259997e-35,0.01090620057145,-0.000325098123676,4.4822247776749996e-36,0.0163497965388,50.0491220579221,-5.7339862685132656e-33,11.62582433047869,51.38165441217259
1.610022,239.5202161609,-6.413650321402e-32,96.76951718047,-0.01671466932801,-1.813229914039e-34,0.09296429772622,-0.007733323262479,3.98140568009e-35,0.07855615315671,1.532114656131e-08,2.3747805428779997e-42,-3.356933639793e-06,-2.327762145529e-08,5.4219040989579994e-42,-1.808166526672e-06,239.49576816035307,-6.427801214082631e-32,96.94103246625276,258.37141239374887
1.620017,48.43201830956,-1.0428363856499999e-32,16.7796281132,-0.0066817221934,-8.329973102158999e-36,0.01923411397985,0.0005833059653684,-1.0993686727819999e-35,-0.008892546428623,7.511370151893e-05,2.031000529347e-36,-0.02386304890905,-0.0006610181891554,8.964170491661999e-36,0.03275099230932,48.425333988844336,-1.043669234530897e-32,16.7988576241515,51.256361453068784
1.630026,66.03198895875,-2.1336335569479998e-32,65.55535763495,-0.006917086248853,-1.007595445975e-35,0.02124012025059,-6.060415988209e-07,2.077486661451e-40,-8.408725324105e-07,0.0002464223075541,-3.251920657417e-36,-0.01190063494295,-0.0002464223016535,3.251920597301e-36,0.01189842623321,66.02507126646546,-2.1346411316251198e-32,65.57659470561833,93.05697077020493
1.640013,-4.530180506113,2.316431094382e-33,-7.280565336951,-0.00664151696406,-8.296708843438999e-36,0.01922176389727,-5.272876164199e-06,1.37688169988e-39,3.076642803828e-06,-1.795538383075e-06,1.959236827608e-39,-6.866455140653e-07,-2.673574749239e-08,6.164732425966e-42,-1.998901392795e-06,-4.536829118227355,2.308137727821821e-33,-7.261343181957833,8.562121422530815
1.650018,12.00442119061,-4.1458232809090004e-34,2.252115805329,-0.006548463446607,-8.345935850079999e-36,0.01922100095781,-4.292128735637e-06,6.920208873101e-40,2.293586771422e-06,-2.351627278764e-06,2.406161641545e-39,-1.544952411621e-06,-1.287231762109e-07,3.012567535435e-41,-8.544921960549e-07,11.997865954684201,-4.229251356327759e-34,2.2713367004289737,12.210968752448997
1.660005,240.3253795449,-3.9294744397349997e-32,46.19490353517,-0.01189621258731,-1.317701672598e-34,0.05859149066496,-0.006132087207158,3.253604470288e-35,0.06484208978478,-1.236747981303e-07,1.334949804528e-40,-1.449584978559e-06,-1.652235706988e-08,3.193559247784e-42,-1.331329361363e-06,240.30735110490835,-3.939397838321838e-32,46.318334334705405,244.7304866390766
1.670004,55.01836421741,-1.856121514548e-32,35.42013476581,0.006787129457637,-1.769679238898e-34,-0.1293149681287,-0.003356242091312,-2.315407655613e-34,-0.0592191791418,-0.01492958327063,2.986442882649e-34,0.1234171695026,-0.003122217208083,4.1428447566649996e-35,0.1523737968262,55.003743304297615,-1.862965109909955e-32,35.507391584868294,65.46897459595836
1.680027,38.05067600758,-9.024768242877e-33,7.531932261168,-0.006726962643895,-8.500397139463e-36,0.01920102148058,0.002766027687554,-4.99088585127e-35,-0.04058204286667,-0.001250279068197,3.080403484133e-35,-0.02999755904074,-0.001516302351293,1.91049926349e-35,0.07057829389838,38.043948491204176,-9.033268471052933e-33,7.55113197463955,38.78610074369194
1.690018,88.46684161776,-6.818957009050999e-32,211.6130848088,-0.007244842642335,-1.432943833282e-34,0.006759719949364,-0.005412473998251,-4.683858735242e-35,0.02480938911155,-0.004207084273054,8.230284684579e-35,0.01827247646857,-0.001430620874132,1.670496018843e-35,0.06215820786593,88.44854659597223,-6.828069525415638e-32,211.72508460219544,229.45730941669015
1.700028,55.94272258867,-7.234345773092e-32,83.74632111767,-0.006589797010487,-8.618714230729e-36,0.0191477110855,-8.452776877212e-06,-1.0848559160299999e-38,-1.91822650278e-06,-1.41920181375e-05,2.122096886624e-38,1.65748598701e-05,-7.117885062729e-07,1.661724203487e-40,-9.155273156125e-08,55.936109435076,-7.235206590656861e-32,83.76548339383613,100.72489536820495
1.710018,218.622153994,-5.777188242923999e-32,100.8027511931,-0.01078702109949,-2.0224320134e-34,0.05042417601383,-0.01038326373392,5.845925309398e-35,0.1180365374392,-2.412763038233e-07,1.756677590143e-40,-4.959106479419e-07,-1.182728255471e-08,1.471083149769e-42,3.81470150046e-09,218.60098345606298,-5.791566620034717e-32,100.97121141445707,240.79363675658232
1.720024,-420.3854938974,-1.8837350589789999e-31,99.15960911549,-0.006193657882351,-8.492530218659e-36,0.01915634183819,-1.538713842826e-05,6.668068051853e-39,9.994506991156e-06,-7.83938973594e-07,7.38222959536e-40,-1.14440915695e-07,-7.727152366535e-15,0.0,3.81470150046e-09,-420.39170372635976,-1.8838199102182761e-31,99.17877534120896,431.93241837136213
1.730014,312.7950356827,-1.0057315279749999e-31,548.7515483944,-1.069920573833,-1.897692849299e-32,43.88021551669,-0.004172680939813,2.667804054473e-35,0.05428565106222,-4.149677552352e-08,2.358175155829e-41,-3.051757818184e-07,-2.091660209562e-14,-4.203895455617e-46,-5.683898968698e-07,311.72094238643047,-1.1952340322636393e-31,592.6860486885864,669.6616296551368
1.740022,159.4400499218,-1.952867693305e-31,567.8113969155,-0.008860761737429,-2.126535875744e-34,0.04378145283135,-0.008831583555648,6.418533358619999e-35,0.1295746214625,-2.664535298805e-14,0.0,-1.90734826333e-08,1.77635686587e-15,2.802596970412e-46,-2.822875976847e-07,159.4223575765069,-1.9543523758448791e-31,567.9847526884329,589.9340364666136
1.750012,460.8107519271,-2.3290025484829998e-31,444.8374232453,-0.07768021177906,-1.565031795024e-33,3.217934124737,-0.003619584460375,2.8043792436149997e-35,0.06068379850215,-3.256624121161e-08,1.867804763916e-41,7.629395042841e-08,3.834710384197e-14,-4.203895455617e-46,-2.822875976847e-07,460.7294520982944,-2.3443724283221023e-31,448.11604096254547,642.7126995779221
1.760022,-142.8874729468,-1.172489061313e-31,101.2337024133,111.2822733976,9.681484452028e-33,47.59104144441,-1.424169852177e-08,1.749198860128e-41,-3.111362438979e-07,-2.453592920983e-15,1.401298485206e-46,2.670288165518e-07,-9.503509232405e-15,1.401298485206e-46,-9.155273156125e-08,-31.605199563441708,-1.0756742166177974e-31,148.82474372204985,152.14365903112358
1.770015,-449.5317515616,1.314347491338e-31,-27.94307820951,-81.46065453812,-4.7268919674429995e-32,41.67715430852,-7.866744090352e-07,1.177319139226e-40,-3.230571751622e-07,-8.860984950154e-08,5.070724685581e-41,-4.005432148801e-07,-2.056133072245e-14,-2.802596970412e-46,-2.822875976847e-07,-530.9924069750042,8.416582962780889e-32,13.734075093122016,531.1699926424421
1.780026,457.2378464406,1.3714965635259999e-31,-109.6069791342,-12.54026809778,-1.475146928449e-31,167.7134791498,-0.003458048164272,4.163646468038e-35,0.09837827113835,6.927791776893e-14,-2.802596970412e-46,-7.82012947127e-07,-4.676259449403e-14,1.401298485206e-46,-6.637573299315e-07,444.6941202946557,-1.0323400027619782e-32,58.20487684096808,448.4870882341096
1.790025,144.7700710024,-1.535293490033e-32,3.464908541812,-12.18092645594,-2.6470373390779996e-32,31.39860288678,-0.0009203803048093,1.278268493149e-35,0.03014576956847,1.100508589559e-15,-4.203895455617e-46,-3.051757818184e-07,-1.1535217397739999e-14,2.802596970412e-46,-1.235961928302e-06,132.58822416615516,-4.181052560617865e-32,34.89365565702276,137.10289709792966
1.800001,187.5501611762,-7.790581348045e-32,272.0984183302,-58.01653909796,-4.677838995703e-32,41.28097497822,-3.656533050874e-08,-2.863147077957e-41,1.955032421108e-07,-4.920741381082e-08,2.788149583029e-41,-1.14440915695e-07,-8.437695112883e-15,4.203895455617e-46,-1.426696794425e-06,129.53362199246726,-1.2468420343822954e-31,313.3793919627855,339.09527058549867
1.810013,199.3579445862,4.665624970027e-31,-419.1097950231,-61.08427653338,-4.481384547972e-31,464.4534489032,-1.408882502784e-07,3.9900573067749997e-42,-1.978874192687e-07,3.359812478337e-14,-1.401298485206e-46,7.629395042841e-08,7.216449767597e-16,-7.006492426029e-46,-1.14059449524e-06,138.27366791193177,1.8424042209489236e-32,45.34365261791206,145.51856950421507
1.82002,262.889525557,1.002051435324e-31,-56.01377670428,-155.9753864706,-2.437825314762e-31,219.2539315756,-0.0003448958376762,3.204208523803e-35,0.08282809857768,6.907193067545e-05,5.215860600633e-36,0.004520778723375,-2.173816714608e-14,0.0,-3.776550307464e-07,106.913863262493,-1.4354012999796135e-31,163.32750337096607,195.20872807101628
1.830015,347.6009000778,8.435783101202999e-32,61.13550852799,92.94789486367,-2.536943818471e-31,238.6308517628,1.803981687184e-05,1.2601956185969999e-36,0.002949755235762,-3.4194869668e-14,1.401298485206e-46,-1.068115246312e-06,1.767475081541e-14,-2.802596970412e-46,-3.776550307464e-07,440.54881298128686,-1.6933529063945159e-31,299.76930860025544,532.8647999238607
1.840008,217.76666775,4.531829944354e-31,-411.0993189701,-78.93244175936,-4.249056856287e-31,455.9069556032,8.891315425405e-08,-5.3951392978909996e-42,-5.674362223829e-07,-4.183320419124e-14,2.802596970412e-46,-4.005432148801e-07,5.422051777308e-15,1.121038788165e-45,-3.776550307464e-07,138.83422607955313,2.8277308801306264e-32,44.80763528746554,145.88579955281116
1.850012,377.5506388657,5.834167571710999e-32,-17.10571726062,9.365848366285,-7.702228272831999e-32,106.5943248676,0.0001686676308816,-1.207291169838e-35,0.08713653694297,0.002414756371789,8.041467616405e-35,0.06907985790193,-1.100231033798e-14,-4.203895455617e-46,-5.683898968698e-07,386.91907065598764,-1.8612265246744751e-32,89.644823433435,397.16817798724117
1.86002,-27.07540800386,5.440380468873e-31,-651.2369369655,-32.47638791965,-5.382945740868e-31,603.3622061324,-5.656853418851e-06,5.955791815329e-40,4.8923493204e-06,-2.969567890817e-06,3.179100650014e-39,1.602172879416e-06,-1.270747761931e-07,2.830678992055e-41,1.945495676239e-07,-59.55180467700608,5.743476603486665e-33,-47.874724144028214,76.40946703226689
1.870028,239.1816441414,1.508621719573e-32,173.2879244019,177.0187588559,-1.122071279349e-31,137.0688474892,3.801741748772e-05,5.183907152249e-37,0.001212649363472,-3.987475913368e-08,2.318966824213e-41,-4.959106479419e-07,-4.063416330678e-15,1.401298485206e-46,-4.730224638081e-07,416.2004409748427,-9.712039232526495e-32,310.35798357153044,519.1771229881377
1.880018,-430.3394553414,-1.172488799984e-31,-48.4091136898,-86.89568126276,-3.74849934696e-32,33.98367947196,-3.233021564456e-06,1.312469893969e-39,2.043247257681e-06,-2.594842188705e-08,1.517452116644e-41,-1.14440915695e-07,1.9628743367859998e-14,-5.6051939408230006e-46,-9.155273156125e-08,-517.23513986313,-1.5473387214035614e-31,-14.425432380586388,517.4362598510068
1.890002,-108.8803708088,3.009364433299e-31,-280.1801693729,166.5003051359,-2.350409183653e-31,313.2258819334,-9.922050266255e-07,3.287087513881e-40,5.054473995614e-07,-2.099060102593e-07,1.233666752615e-40,-1.163482679374e-06,-5.46229736255e-15,0.0,-4.730224638081e-07,57.619933124988954,6.589552541667542e-32,33.04571142944223,66.42345773298894
1.900011,-141.6610098013,9.141371407335e-31,-990.0618457142,-182.847217301,-1.125697146214e-30,1064.569845088,-7.974291234257e-07,3.372883414936e-41,-4.005432141696e-07,-5.023002798163e-07,2.961623329005e-40,-1.90734826333e-08,5.330805321112e-16,-2.802596970412e-46,-4.730224638081e-07,-324.5082284020294,-2.1156000515060905e-31,74.50799848116081,332.9519967477179
1.910015,210.3857194839,1.77028455638e-31,-161.3503738569,11.44585389022,-2.235136881702e-31,276.7757581971,0.00818595784485,4.306650142849e-35,0.1317653484906,0.001313568493133,2.167514429435e-35,0.01895950345635,-2.760292036106e-15,0.0,3.81470150046e-09,221.84107290045802,-4.642049088647718e-32,115.57610919596165,250.14255664021502
1.920002,-115.590580958,7.189828029821e-31,-726.5453121946,-3.516948377198,-7.016623443284e-31,756.1606226695,-2.569967801251e-06,1.234648081944e-39,2.484321635947e-06,-1.042227243151e-08,6.165292945359999e-42,-1.90734826333e-08,2.034483722942e-15,-2.802596970412e-46,-1.045227062178e-06,-119.10753191558808,1.7320459894513145e-32,29.61531189492105,122.73414707267203
1.930024,-193.6443585402,2.138709598978e-31,-254.2771204358,-42.74996402591,-2.440359297228e-31,257.2112509717,-2.75501716622e-06,1.155814392282e-39,1.649856596657e-06,-4.944175676053e-08,4.058426659868e-41,-6.866455140653e-07,-1.490908796432e-09,1.856720492898e-43,-1.903533959734e-06,-236.39432537205982,-3.016496862841565e-32,2.934129595577133,236.41253389910386
1.940006,10.73432138017,1.011059414609e-31,-142.3219895256,24.50446751639,-9.523043758124999e-32,112.2369337731,9.532057781244e-07,-1.279668999676e-39,-1.449584977848e-06,-1.318718221265e-06,1.367721411682e-39,1.125335714107e-06,-2.886102836426e-08,3.6042798337979995e-42,-1.235961928302e-06,35.23878850218653,5.875503971306701e-33,-30.08505731271119,46.334467609015974
1.950003,230.0265368701,4.761371350928e-32,-96.39305879106,-8.053584813247,-7.675926529965999e-32,85.58350457405,-6.681946205104e-07,1.256819006187e-40,3.623962503241e-07,-2.341639067258e-07,8.920708195775e-41,-9.727478132504e-07,2.153641189168e-09,7.384857030019e-41,-9.498596291166e-07,221.97295115664812,-2.914555150164244e-32,-10.809555777221195,222.23599515220874
1.960001,-55.14666211079,1.688114224559e-31,-171.4515969695,-27.88390177211,-1.739924997621e-31,204.0945512684,-3.56399726566e-06,1.239892721784e-39,3.080368092583e-06,-7.021061786e-07,4.392208952552e-40,-1.163482679374e-06,1.265168241747e-08,2.397354060176e-40,1.434326197426e-06,-83.03056813635176,-5.181075387350974e-33,32.642957650111626,89.21680295321242
1.970002,-63.76029723525,2.66226386623e-32,-18.91684197004,-67.31283515638,-5.520002069607e-32,68.55269557346,0.005599259973249,2.3780395163369998e-35,0.05596981608823,-3.041785660936e-08,-4.0055472602300004e-40,-3.643035938978e-06,3.041787894704e-08,4.005548661529e-40,2.292633094982e-06,-131.06753313165672,-2.855360163860649e-32,49.69182206910539,140.1712360713337
1.980005,-14.08294904654,6.141031139172999e-32,-68.25244780201,11.22808571235,-4.193562722523e-32,60.091033365,0.01056875318514,-1.632138320893e-35,0.101697212781,0.008717622971766,9.570985492288999e-35,0.08473938114553,2.678199848362e-08,2.5899331097e-40,2.006530795796e-06,-2.8355769312510954,1.9554072897207266e-32,-7.9749758365526695,8.46408507321626
1.990031,-274.923730113,5.406786861722e-31,-522.7370936468,-173.0528001145,-6.17700630425e-31,599.5576684472,-1.395839376011e-07,-3.413039444717e-39,-4.930496284601e-06,-1.583486131488e-06,2.925644289748e-39,-1.831054710806e-06,1.300863673154e-07,1.136397580082e-39,5.916595551327e-06,-447.97653182048373,-7.702194360379758e-32,76.82057395544453,454.5155372974095
2.000007,688.3163684415,1.8177315011979998e-32,-68.08429146028,30.39644346378,-1.095013244792e-31,123.0802631706,0.02649284561655,4.260663874555e-35,0.2226659140388,0.008747813045377,8.545261022937e-35,0.07581251257379,1.613109655908e-07,1.040802819109e-39,6.584167582758e-06,718.7480527252528,-9.119594917744227e-32,55.29445672110018,720.8718611795194
