time_s,x_m,z_top_m
0.000000,0.750000,30.000000
0.000000,1.250000,30.000000
0.000000,1.750000,30.000000
0.000000,2.250000,30.000000
0.000000,2.750000,30.000000
0.000000,3.250000,30.000000
0.000000,3.750000,30.000000
0.000000,4.250000,30.000000
0.000000,4.750000,30.000000
0.000000,5.250000,30.000000
0.000000,5.750000,30.000000
0.000000,6.250000,30.000000
0.000000,6.750000,30.000000
0.000000,7.250000,30.000000
0.000000,7.750000,30.000000
0.000000,8.250000,30.000000
0.000000,8.750000,30.000000
0.000000,9.250000,30.000000
0.000000,9.750000,30.000000
0.000000,10.250000,30.000000
0.000000,10.750000,30.000000
0.000000,11.250000,30.000000
0.000000,11.750000,30.000000
0.000000,12.250000,30.000000
0.000000,12.750000,30.000000
0.000000,13.250000,30.000000
0.000000,13.750000,30.000000
0.000000,14.250000,30.000000
0.000000,14.750000,30.000000
0.000000,15.250000,30.000000
2.400000,0.722114,23.983969
2.400000,1.222114,23.651417
2.400000,1.722114,22.915928
2.400000,2.222114,21.199598
2.400000,2.722114,20.842834
2.400000,3.222114,20.285776
2.400000,3.722114,19.836391
2.400000,4.222114,19.342529
2.400000,4.722114,19.136106
2.400000,5.222114,18.827700
2.400000,5.722114,17.527279
2.400000,6.222114,18.253565
2.400000,6.722114,16.853514
2.400000,7.222114,17.656322
2.400000,7.722114,17.412035
2.400000,8.222114,17.129124
2.400000,8.722114,16.935568
2.400000,9.222114,16.682419
2.400000,9.722114,16.463814
2.400000,10.222114,16.258677
2.400000,10.722114,15.427955
2.400000,11.222114,16.022655
2.400000,11.722114,15.778360
2.400000,12.222114,15.532813
2.400000,12.722114,14.729292
2.400000,13.222114,15.219898
2.400000,13.722114,14.976275
2.400000,14.222114,14.715624
2.400000,14.722114,13.713356
2.400000,15.222114,14.324415
2.400000,15.722114,14.088818
2.400000,16.222114,13.965117
2.400000,16.722114,13.616209
2.400000,17.222114,12.834999
2.400000,17.722114,13.299731
2.400000,18.222114,12.887793
2.400000,18.722114,12.079400
2.400000,19.222114,12.477738
2.400000,19.722114,12.049146
2.400000,20.222114,11.827279
2.400000,20.722114,11.214883
2.400000,21.222114,11.372226
2.400000,21.722114,10.284636
2.400000,22.222114,10.953257
2.400000,22.722114,10.786883
2.400000,23.222114,10.511125
2.400000,23.722114,10.223612
2.400000,24.222114,10.142397
2.400000,24.722114,9.939568
2.400000,25.222114,9.209497
2.400000,25.722114,9.583179
2.400000,26.222114,9.297365
2.400000,26.722114,8.364100
2.400000,27.222114,8.963599
2.400000,27.722114,8.713330
2.400000,28.222114,8.455142
2.400000,28.722114,8.425653
2.400000,29.222114,8.268672
2.400000,29.722114,8.156180
2.400000,30.222114,7.991979
2.400000,30.722114,7.749136
2.400000,31.222114,7.601603
2.400000,31.722114,7.576119
2.400000,32.222114,7.414589
2.400000,32.722114,7.256283
2.400000,33.222114,6.118347
2.400000,33.722114,7.075580
2.400000,34.222114,6.954250
2.400000,34.722114,6.753710
2.400000,35.222114,5.838088
2.400000,35.722114,6.564271
2.400000,36.222114,6.464499
2.400000,36.722114,6.358434
2.400000,37.222114,6.235144
2.400000,37.722114,6.133116
2.400000,38.222114,5.987576
2.400000,38.722114,5.906279
2.400000,39.222114,5.107631
2.400000,39.722114,5.795946
2.400000,40.222114,5.655563
2.400000,40.722114,5.577445
2.400000,41.222114,5.431599
2.400000,41.722114,5.335752
2.400000,42.222114,5.250039
2.400000,42.722114,5.151021
2.400000,43.222114,5.129547
2.400000,43.722114,5.015480
2.400000,44.222114,4.969385
2.400000,44.722114,4.920406
2.400000,45.222114,4.883239
2.400000,45.722114,4.834498
2.400000,46.222114,4.793951
2.400000,46.722114,4.775403
2.400000,47.222114,4.791102
2.400000,47.722114,4.803566
2.400000,48.222114,4.005611
2.400000,48.722114,3.810898
2.400000,49.222114,3.635490
2.400000,49.722114,2.477826
5.000000,0.740898,12.740066
5.000000,1.240898,11.551488
5.000000,1.740898,11.495926
5.000000,2.240898,12.395764
5.000000,2.740898,11.962854
5.000000,3.240898,11.661670
5.000000,3.740898,11.290489
5.000000,4.240898,10.391103
5.000000,4.740898,10.928169
5.000000,5.240898,10.835986
5.000000,5.740898,10.809913
5.000000,6.240898,10.603426
5.000000,6.740898,10.554096
5.000000,7.240898,9.485022
5.000000,7.740898,10.428639
5.000000,8.240898,10.394208
5.000000,8.740898,10.392993
5.000000,9.240898,9.369013
5.000000,9.740898,10.318870
5.000000,10.240898,9.368011
5.000000,10.740898,10.238911
5.000000,11.240898,10.194765
5.000000,11.740898,10.197755
5.000000,12.240898,9.208162
5.000000,12.740898,10.107262
5.000000,13.240898,8.738429
5.000000,13.740898,9.995122
5.000000,14.240898,8.549258
5.000000,14.740898,9.838438
5.000000,15.240898,8.865826
5.000000,15.740898,9.703624
5.000000,16.240898,8.827160
5.000000,16.740898,9.591379
5.000000,17.240898,9.590307
5.000000,17.740898,8.662992
5.000000,18.240898,9.455643
5.000000,18.740898,8.593745
5.000000,19.240898,9.327696
5.000000,19.740898,8.490747
5.000000,20.240898,8.474119
5.000000,20.740898,9.197575
5.000000,21.240898,8.337498
5.000000,21.740898,9.082940
5.000000,22.240898,8.217792
5.000000,22.740898,9.177647
5.000000,23.240898,9.052870
5.000000,23.740898,8.293664
5.000000,24.240898,9.088572
5.000000,24.740898,8.950727
5.000000,25.240898,8.937645
5.000000,25.740898,8.869413
5.000000,26.240898,8.750603
5.000000,26.740898,8.729322
5.000000,27.240898,8.727452
5.000000,27.740898,8.561329
5.000000,28.240898,8.579898
5.000000,28.740898,8.361898
5.000000,29.240898,8.360092
5.000000,29.740898,8.319588
5.000000,30.240898,8.208841
5.000000,30.740898,7.492902
5.000000,31.240898,8.182761
5.000000,31.740898,8.045089
5.000000,32.240898,8.025087
5.000000,32.740898,7.930042
5.000000,33.240898,7.831321
5.000000,33.740898,7.243823
5.000000,34.240898,7.830908
5.000000,34.740898,7.649036
5.000000,35.240898,7.659124
5.000000,35.740898,7.549874
5.000000,36.240898,6.723999
5.000000,36.740898,7.462495
5.000000,37.240898,6.468448
5.000000,37.740898,7.240935
5.000000,38.240898,7.245151
5.000000,38.740898,7.211899
5.000000,39.240898,7.157944
5.000000,39.740898,7.078031
5.000000,40.240898,7.039446
5.000000,40.740898,6.015197
5.000000,41.240898,6.883151
5.000000,41.740898,6.198597
5.000000,42.240898,6.800819
5.000000,42.740898,6.055316
5.000000,43.240898,6.732922
5.000000,43.740898,6.073339
5.000000,44.240898,6.701551
5.000000,44.740898,6.606439
5.000000,45.240898,5.507604
5.000000,45.740898,6.512957
5.000000,46.240898,5.773503
5.000000,46.740898,6.451447
5.000000,47.240898,6.422565
5.000000,47.740898,6.348154
5.000000,48.240898,5.721875
5.000000,48.740898,6.257212
5.000000,49.240898,6.315258
5.000000,49.740898,5.360698
5.000000,50.240898,6.165797
5.000000,50.740898,6.186471
5.000000,51.240898,6.100891
5.000000,51.740898,5.090596
5.000000,52.240898,6.030238
5.000000,52.740898,5.314572
5.000000,53.240898,5.937468
5.000000,53.740898,5.361174
5.000000,54.240898,5.765586
5.000000,54.740898,5.740031
5.000000,55.240898,4.754898
5.000000,55.740898,5.701720
5.000000,56.240898,5.658421
5.000000,56.740898,5.587989
5.000000,57.240898,5.540026
5.000000,57.740898,5.029044
5.000000,58.240898,5.515338
5.000000,58.740898,5.457156
5.000000,59.240898,5.459216
5.000000,59.740898,4.486700
5.000000,60.240898,5.293043
5.000000,60.740898,5.468955
5.000000,61.240898,5.312337
5.000000,61.740898,5.263779
5.000000,62.240898,4.551005
5.000000,62.740898,5.262099
5.000000,63.240898,5.199493
5.000000,63.740898,5.273080
5.000000,64.240898,5.158230
5.000000,64.740898,5.177164
5.000000,65.240898,5.222102
5.000000,65.740898,5.155738
5.000000,66.240898,5.157815
5.000000,66.740898,5.225668
5.000000,67.240898,5.203503
5.000000,67.740898,5.194381
5.000000,68.240898,5.316642
5.000000,68.740898,4.325710
5.000000,69.240898,5.304619
5.000000,69.740898,4.518341
5.000000,70.240898,5.543632
5.000000,70.740898,4.724719
5.000000,71.240898,5.715065
5.000000,71.740898,28.673876
5.000000,72.240898,6.116371
5.000000,72.740898,6.131431
5.000000,73.240898,27.040777
5.000000,73.740898,27.024689
5.000000,74.240898,7.071190
5.000000,74.740898,26.317171
5.000000,75.240898,26.304253
5.000000,75.740898,25.795876
5.000000,76.240898,25.039579
5.000000,76.740898,25.167385
5.000000,77.240898,24.131098
5.000000,77.740898,17.185682
5.000000,78.240898,14.018886
7.600000,0.760183,7.251894
7.600000,1.260183,8.378329
7.600000,1.760183,7.121262
7.600000,2.260183,8.002482
7.600000,2.760183,6.838182
7.600000,3.260183,7.702446
7.600000,3.760183,7.649732
7.600000,4.260183,7.703250
7.600000,4.760183,6.918354
7.600000,5.260183,7.682882
7.600000,5.760183,7.646615
7.600000,6.260183,7.426038
7.600000,6.760183,7.736842
7.600000,7.260183,7.698526
7.600000,7.760183,7.725849
7.600000,8.260183,7.782110
7.600000,8.760183,7.786679
7.600000,9.260183,7.836552
7.600000,9.760183,7.067809
7.600000,10.260183,7.761780
7.600000,10.760183,7.826153
7.600000,11.260183,7.818189
7.600000,11.760183,7.773488
7.600000,12.260183,7.778963
7.600000,12.760183,7.783685
7.600000,13.260183,7.738578
7.600000,13.760183,7.795364
7.600000,14.260183,7.098565
7.600000,14.760183,7.716102
7.600000,15.260183,7.097548
7.600000,15.760183,7.645870
7.600000,16.260183,6.931667
7.600000,16.760183,7.617202
7.600000,17.260183,7.127445
7.600000,17.760183,7.071124
7.600000,18.260183,7.588615
7.600000,18.760183,7.596323
7.600000,19.260183,6.697630
7.600000,19.760183,7.563935
7.600000,20.260183,6.850317
7.600000,20.760183,7.456809
7.600000,21.260183,5.157831
7.600000,21.760183,7.474958
7.600000,22.260183,7.382263
7.600000,22.760183,6.092835
7.600000,23.260183,7.045037
7.600000,23.760183,7.356551
7.600000,24.260183,5.718402
7.600000,24.760183,7.504946
7.600000,25.260183,6.128958
7.600000,25.760183,7.342832
7.600000,26.260183,6.650181
7.600000,26.760183,7.449901
7.600000,27.260183,6.449614
7.600000,27.760183,7.274080
7.600000,28.260183,6.530688
7.600000,28.760183,7.381461
7.600000,29.260183,7.215505
7.600000,29.760183,7.183433
7.600000,30.260183,7.249882
7.600000,30.760183,6.426027
7.600000,31.260183,7.202849
7.600000,31.760183,7.172347
7.600000,32.260183,7.153616
7.600000,32.760183,6.370011
7.600000,33.260183,7.076446
7.600000,33.760183,7.060427
7.600000,34.260183,7.089835
7.600000,34.760183,6.297109
7.600000,35.260183,6.975975
7.600000,35.760183,6.969375
7.600000,36.260183,6.972805
7.600000,36.760183,6.030213
7.600000,37.260183,6.839254
7.600000,37.760183,6.841754
7.600000,38.260183,6.775186
7.600000,38.760183,6.854232
7.600000,39.260183,6.757975
7.600000,39.760183,6.752809
7.600000,40.260183,6.786289
7.600000,40.760183,6.803725
7.600000,41.260183,6.727542
7.600000,41.760183,6.681807
7.600000,42.260183,6.194723
7.600000,42.760183,6.662494
7.600000,43.260183,5.725628
7.600000,43.760183,6.589865
7.600000,44.260183,5.806336
7.600000,44.760183,6.564120
7.600000,45.260183,6.578478
7.600000,45.760183,6.495835
7.600000,46.260183,6.486408
7.600000,46.760183,6.516518
7.600000,47.260183,6.467499
7.600000,47.760183,5.305670
7.600000,48.260183,6.422551
7.600000,48.760183,6.374581
7.600000,49.260183,6.463274
7.600000,49.760183,6.409491
7.600000,50.260183,6.297338
7.600000,50.760183,6.307037
7.600000,51.260183,6.286503
7.600000,51.760183,6.289411
7.600000,52.260183,5.532124
7.600000,52.760183,6.319638
7.600000,53.260183,6.283794
7.600000,53.760183,5.649465
7.600000,54.260183,5.287862
7.600000,54.760183,6.214621
7.600000,55.260183,5.792707
7.600000,55.760183,6.297064
7.600000,56.260183,6.256238
7.600000,56.760183,6.246767
7.600000,57.260183,6.341438
7.600000,57.760183,6.302783
7.600000,58.260183,5.437633
7.600000,58.760183,6.340144
7.600000,59.260183,6.350250
7.600000,59.760183,6.393797
7.600000,60.260183,6.354720
7.600000,60.760183,6.378450
7.600000,61.260183,6.635091
7.600000,61.760183,6.576081
7.600000,62.260183,5.629287
7.600000,62.760183,6.731253
7.600000,63.260183,6.881737
7.600000,63.760183,6.891272
7.600000,64.260183,27.793596
7.600000,64.760183,27.634895
7.600000,65.260183,27.542458
7.600000,65.760183,7.276171
7.600000,66.260183,27.588301
7.600000,66.760183,7.756515
7.600000,67.260183,7.793669
7.600000,67.760183,7.968849
7.600000,68.260183,8.157761
7.600000,68.760183,8.692787
7.600000,69.260183,9.402284
7.600000,69.760183,9.368059
7.600000,70.260183,27.162777
7.600000,70.760183,10.102329
7.600000,71.260183,10.800681
7.600000,71.760183,16.476137
7.600000,72.260183,16.412279
7.600000,72.760183,14.985410
7.600000,73.260183,16.883577
7.600000,73.760183,19.119318
7.600000,74.260183,23.049044
7.600000,74.760183,19.879482
7.600000,75.260183,19.535379
7.600000,75.760183,19.196791
7.600000,76.260183,19.051025
7.600000,76.760183,18.896875
7.600000,77.260183,17.957886
7.600000,77.760183,18.733492
7.600000,78.260183,18.599749
7.600000,78.760183,18.104744
7.600000,79.260183,18.013254
7.600000,79.760183,16.968185
7.600000,80.260183,17.496162
7.600000,80.760183,17.068979
7.600000,81.260183,16.394787
7.600000,81.760183,15.548922
7.600000,82.260183,14.820365
7.600000,82.760183,14.519667
7.600000,83.260183,14.149190
7.600000,83.760183,13.463637
7.600000,84.260183,12.453926
10.000000,0.775948,6.688508
10.000000,1.275948,6.054822
10.000000,1.775948,6.800345
10.000000,2.275948,6.451562
10.000000,2.775948,6.770239
10.000000,3.275948,6.681758
10.000000,3.775948,6.643855
10.000000,4.275948,6.549687
10.000000,4.775948,6.746747
10.000000,5.275948,6.675553
10.000000,5.775948,6.685989
10.000000,6.275948,6.725645
10.000000,6.775948,5.677958
10.000000,7.275948,6.012988
10.000000,7.775948,6.769000
10.000000,8.275948,6.695354
10.000000,8.775948,5.706392
10.000000,9.275948,6.717250
10.000000,9.775948,6.737806
10.000000,10.275948,6.768244
10.000000,10.775948,6.733002
10.000000,11.275948,6.720936
10.000000,11.775948,6.754043
10.000000,12.275948,6.718856
10.000000,12.775948,6.691584
10.000000,13.275948,6.733723
10.000000,13.775948,6.699717
10.000000,14.275948,6.736661
10.000000,14.775948,5.625584
10.000000,15.275948,6.674745
10.000000,15.775948,6.680949
10.000000,16.275948,6.684004
10.000000,16.775948,6.670706
10.000000,17.275948,6.701950
10.000000,17.775948,6.639377
10.000000,18.275948,6.669947
10.000000,18.775948,6.642940
10.000000,19.275948,6.591548
10.000000,19.775948,6.646359
10.000000,20.275948,6.647155
10.000000,20.775948,6.688540
10.000000,21.275948,6.589071
10.000000,21.775948,6.609695
10.000000,22.275948,6.660788
10.000000,22.775948,5.741401
10.000000,23.275948,6.564017
10.000000,23.775948,6.730071
10.000000,24.275948,5.991293
10.000000,24.775948,6.535971
10.000000,25.275948,5.709405
10.000000,25.775948,6.613303
10.000000,26.275948,5.300356
10.000000,26.775948,6.530894
10.000000,27.275948,5.781706
10.000000,27.775948,6.561525
10.000000,28.275948,6.585068
10.000000,28.775948,6.548895
10.000000,29.275948,6.643329
10.000000,29.775948,5.724705
10.000000,30.275948,6.496651
10.000000,30.775948,5.835179
10.000000,31.275948,6.551746
10.000000,31.775948,6.555314
10.000000,32.275948,6.487449
10.000000,32.775948,5.631785
10.000000,33.275948,6.566607
10.000000,33.775948,6.598271
10.000000,34.275948,6.585160
10.000000,34.775948,5.585844
10.000000,35.275948,5.749004
10.000000,35.775948,6.651913
10.000000,36.275948,5.796469
10.000000,36.775948,6.661911
10.000000,37.275948,6.663836
10.000000,37.775948,6.820111
10.000000,38.275948,6.884386
10.000000,38.775948,5.946033
10.000000,39.275948,6.759941
10.000000,39.775948,6.129340
10.000000,40.275948,7.111046
10.000000,40.775948,6.980908
10.000000,41.275948,6.970001
10.000000,41.775948,9.116940
10.000000,42.275948,8.307010
10.000000,42.775948,9.493209
10.000000,43.275948,8.450144
10.000000,43.775948,9.834289
10.000000,44.275948,9.069172
10.000000,44.775948,10.021800
10.000000,45.275948,10.146282
10.000000,45.775948,9.198642
10.000000,46.275948,9.789433
10.000000,46.775948,10.520968
10.000000,47.275948,10.590694
10.000000,47.775948,9.601123
10.000000,48.275948,10.691783
10.000000,48.775948,10.091157
10.000000,49.275948,11.004325
10.000000,49.775948,10.085877
10.000000,50.275948,11.149601
10.000000,50.775948,11.368651
10.000000,51.275948,11.355994
10.000000,51.775948,11.446638
10.000000,52.275948,11.686573
10.000000,52.775948,11.767570
10.000000,53.275948,10.928569
10.000000,53.775948,11.787125
10.000000,54.275948,12.076177
10.000000,54.775948,12.067400
10.000000,55.275948,12.268076
10.000000,55.775948,12.296072
10.000000,56.275948,12.025314
10.000000,56.775948,11.620901
10.000000,57.275948,12.293831
10.000000,57.775948,12.344588
10.000000,58.275948,11.964571
10.000000,58.775948,12.186544
10.000000,59.275948,12.464567
10.000000,59.775948,12.391531
10.000000,60.275948,12.141003
10.000000,60.775948,11.361380
10.000000,61.275948,12.333219
10.000000,61.775948,12.026446
10.000000,62.275948,11.791254
10.000000,62.775948,11.839471
10.000000,63.275948,11.847300
10.000000,63.775948,11.889511
10.000000,64.275948,11.489193
10.000000,64.775948,11.554420
10.000000,65.275948,10.904521
10.000000,65.775948,11.392591
10.000000,66.275948,11.131187
10.000000,66.775948,10.991653
10.000000,67.275948,11.101905
10.000000,67.775948,10.926053
10.000000,68.275948,10.928793
10.000000,68.775948,10.835661
10.000000,69.275948,10.887896
10.000000,69.775948,9.921089
10.000000,70.275948,10.651636
10.000000,70.775948,10.680519
10.000000,71.275948,10.651665
10.000000,71.775948,8.882420
10.000000,72.275948,10.643753
10.000000,72.775948,9.243207
10.000000,73.275948,8.863463
10.000000,73.775948,10.498952
10.000000,74.275948,10.518415
10.000000,74.775948,9.091242
10.000000,75.275948,10.500442
10.000000,75.775948,10.563361
10.000000,76.275948,9.947204
10.000000,76.775948,10.020658
10.000000,77.275948,10.950202
10.000000,77.775948,11.267551
10.000000,78.275948,11.330094
10.000000,79.275948,12.173970
10.000000,79.775948,12.430120
10.000000,80.275948,12.211856
10.000000,80.775948,12.211713
10.000000,81.275948,12.226942
10.000000,81.775948,12.198709
10.000000,82.275948,12.196283
10.000000,82.775948,12.212720
10.000000,83.275948,12.179250
10.000000,84.275948,11.343844
10.000000,84.775948,10.831085
10.000000,85.275948,10.440768
10.000000,85.775948,8.766525
10.000000,86.775948,7.582502
10.000000,87.275948,1.351905
10.000000,87.775948,1.306606
10.000000,88.275948,1.178342
10.000000,89.275948,1.934097
10.000000,89.775948,1.045644
10.000000,90.275948,1.536383
10.000000,90.775948,1.199156
10.000000,91.275948,1.303527
10.000000,92.275948,1.370505
10.000000,92.775948,1.330003
10.000000,93.275948,1.698072
10.000000,94.275948,1.673729
10.000000,95.275948,1.606464
10.000000,95.775948,2.379064
10.000000,96.275948,2.432588
10.000000,96.775948,2.283803
10.000000,97.275948,6.367408
10.000000,97.775948,6.401095
10.000000,98.275948,6.416644
10.000000,98.775948,5.853505
