Part;Time [s];Np;ForceFluid.x [N];ForceFluid.y [N];ForceFluid.z [N];ForceFluid [N]
0;0.000000;7385;  0.000000000000E+00;  0.000000000000E+00;  0.000000000000E+00;  0.000000000000E+00
1;0.200211;7385;  0.000000000000E+00;  0.000000000000E+00;  0.000000000000E+00;  0.000000000000E+00
2;0.400601;7385;  0.000000000000E+00;  0.000000000000E+00;  0.000000000000E+00;  0.000000000000E+00
3;0.600925;7385;  0.000000000000E+00;  0.000000000000E+00;  0.000000000000E+00;  0.000000000000E+00
4;0.800659;7385;  0.000000000000E+00;  0.000000000000E+00;  0.000000000000E+00;  0.000000000000E+00
5;1.000062;7385;  0.000000000000E+00;  0.000000000000E+00;  0.000000000000E+00;  0.000000000000E+00
6;1.200863;7385;  0.000000000000E+00;  0.000000000000E+00;  0.000000000000E+00;  0.000000000000E+00
7;1.400103;7385;  0.000000000000E+00;  0.000000000000E+00;  0.000000000000E+00;  0.000000000000E+00
8;1.600698;7385;  0.000000000000E+00;  0.000000000000E+00;  0.000000000000E+00;  0.000000000000E+00
9;1.800668;7385;  0.000000000000E+00;  0.000000000000E+00;  0.000000000000E+00;  0.000000000000E+00
10;2.000421;7385;  0.000000000000E+00;  0.000000000000E+00;  0.000000000000E+00;  0.000000000000E+00
11;2.200435;7385;  0.000000000000E+00;  0.000000000000E+00;  0.000000000000E+00;  0.000000000000E+00
12;2.400121;7385;  0.000000000000E+00;  0.000000000000E+00;  0.000000000000E+00;  0.000000000000E+00
13;2.600592;7385;  0.000000000000E+00;  0.000000000000E+00;  0.000000000000E+00;  0.000000000000E+00
14;2.800167;7385;  0.000000000000E+00;  0.000000000000E+00;  0.000000000000E+00;  0.000000000000E+00
15;3.000326;7385;  0.000000000000E+00;  0.000000000000E+00;  0.000000000000E+00;  0.000000000000E+00
16;3.200126;7385;  0.000000000000E+00;  0.000000000000E+00;  0.000000000000E+00;  0.000000000000E+00
17;3.400530;7385;  0.000000000000E+00;  0.000000000000E+00;  0.000000000000E+00;  0.000000000000E+00
18;3.600460;7385;  0.000000000000E+00;  0.000000000000E+00;  0.000000000000E+00;  0.000000000000E+00
19;3.800255;7385;  2.137730288682E+07;  3.067426106747E+05;  2.391508775422E+05;  2.138084102383E+07
20;4.000003;7385;  2.605518747188E+07; -8.905315532236E+05; -6.419906626067E+05;  2.607830501879E+07
21;4.200237;7385;  2.677047289382E+07; -2.594972630265E+05; -4.932778850167E+05;  2.677627458890E+07
22;4.400441;7385;  2.308471246470E+07;  1.678363836393E+05; -1.076659202919E+06;  2.311041569659E+07
23;4.600389;7385;  2.122925572855E+07;  1.797453940374E+03; -8.152757084566E+05;  2.124490471854E+07
24;4.800753;7385;  1.918784662613E+07; -2.376173814904E+04; -6.828529197651E+05;  1.920000809578E+07
25;5.000608;7385;  1.733862786502E+07; -1.007819630931E+05; -6.997721168972E+05;  1.735303588026E+07
26;5.200093;7385;  1.612233059375E+07;  2.279707247861E+04; -6.907886654947E+05;  1.613713891807E+07
27;5.400851;7385;  1.506461235675E+07; -1.889638832383E+05; -7.055918561125E+05;  1.508231125112E+07
28;5.600018;7385;  1.428592634169E+07; -3.702652464617E+04; -6.717195316148E+05;  1.430175756796E+07
29;5.800723;7385;  1.360215306370E+07;  3.392881905558E+04; -6.640346438033E+05;  1.361839422037E+07
30;6.000529;7385;  1.329846759322E+07; -8.116750550553E+04; -6.815199498896E+05;  1.331616678831E+07
31;6.200728;7385;  1.312415635082E+07; -4.373438698531E+03; -7.091669850200E+05;  1.314330311833E+07
32;6.400062;7385;  1.280426061090E+07;  2.884747568222E+03; -7.503348863388E+05;  1.282622705846E+07
33;6.600421;7385;  1.249475529905E+07;  5.903564988315E+04; -8.177375034904E+05;  1.252162488720E+07
34;6.800629;7385;  1.282645367778E+07; -1.020806941301E+04; -1.070250038891E+06;  1.287103155534E+07
35;7.000756;7385;  1.348371652691E+07;  8.891478571759E+03; -1.725025728803E+06;  1.359361630331E+07
36;7.200570;7385;  1.452587422490E+07;  5.115550233627E+04; -3.106274926373E+06;  1.485437924658E+07
37;7.400714;7385;  1.615032188844E+07; -5.335225033008E+04; -6.172696531675E+06;  1.728982145758E+07
38;7.600589;7385;  1.762610306922E+07; -1.362286668300E+05; -6.310813703632E+06;  1.872229786267E+07
39;7.800164;7385;  1.946793338572E+07;  4.428245802247E+04; -6.286627242563E+06;  2.045786091784E+07
40;8.000595;7385;  2.040242566037E+07; -1.856822553283E+04; -5.676697051680E+06;  2.117744571525E+07
41;8.200023;7385;  1.953862080956E+07; -1.130833962844E+04; -4.720560821723E+06;  2.010078420087E+07
42;8.400218;7385;  1.761713842156E+07; -4.187571723869E+04; -3.653250029661E+06;  1.799198586925E+07
43;8.600465;7385;  1.722419601519E+07;  8.120063008423E+04; -3.782093471100E+06;  1.763473143930E+07
44;8.800017;7385;  1.305209605508E+07;  1.526809412696E+05; -2.858258296157E+06;  1.336226640164E+07
45;9.000371;7385;  8.553836971941E+06;  3.757165535402E+04; -2.329993980050E+06;  8.865574460738E+06
46;9.200003;7385;  1.088300055143E+07; -8.776058390918E+04; -2.693113421152E+06;  1.121161285551E+07
47;9.400031;7385;  1.160307147681E+07;  4.058733059576E+03; -2.339882732224E+06;  1.183665220279E+07
48;9.600070;7385;  1.087880815416E+07;  4.689101468527E+04; -2.515410779024E+06;  1.116592839891E+07
49;9.800228;7385;  1.012493998370E+07;  1.165087595144E+03; -2.168832851687E+06;  1.035462442435E+07
50;10.000795;7385;  9.821872565461E+06; -1.327229774392E+05; -2.059736510900E+06;  1.003639928337E+07
