Part;Time [s];Np;ForceFluid.x [N/m];ForceFluid.y [N/m];ForceFluid.z [N/m];ForceFluid [N/m];Weight.x [N/m];Weight.y [N/m];Weight.z [N/m];ForceTotal.x [N/m];ForceTotal.y [N/m];ForceTotal.z [N/m];ForceTotal [N/m]
0;0.000000;80;  0.000000000000E+00;  0.000000000000E+00;  0.000000000000E+00;  0.000000000000E+00;  0.000000000000E+00;  0.000000000000E+00; -6.278400362110E+01;  0.000000000000E+00;  0.000000000000E+00; -6.278400362110E+01;  6.278400362110E+01
1;0.010022;80;  4.610484395146E+01;  3.323761330939E-38;  2.660062018932E+00;  4.618151757720E+01;  0.000000000000E+00;  0.000000000000E+00; -6.278400362110E+01;  4.610484395146E+01;  3.323761330939E-38; -6.012394160217E+01;  7.576638429785E+01
2;0.020021;80;  2.301504059261E+01; -7.773591029803E-37;  3.358560087659E+00;  2.325880520022E+01;  0.000000000000E+00;  0.000000000000E+00; -6.278400362110E+01;  2.301504059261E+01; -7.773591029803E-37; -5.942544353344E+01;  6.372656771415E+01
3;0.030008;80; -1.135478141986E+01; -3.349466980025E-36;  2.937965961366E+00;  1.172871284851E+01;  0.000000000000E+00;  0.000000000000E+00; -6.278400362110E+01; -1.135478141986E+01; -3.349466980025E-36; -5.984603765974E+01;  6.091370358682E+01
4;0.040035;80;  5.731690572302E+01; -6.604254714181E-36;  7.817659423018E+00;  5.784758837251E+01;  0.000000000000E+00;  0.000000000000E+00; -6.278400362110E+01;  5.731690572302E+01; -6.604254714181E-36; -5.496634419808E+01;  7.941364288435E+01
5;0.050043;80; -1.491444883014E+01;  1.633905148130E-35;  3.569644599701E+00;  1.533568213270E+01;  0.000000000000E+00;  0.000000000000E+00; -6.278400362110E+01; -1.491444883014E+01;  1.633905148130E-35; -5.921435902140E+01;  6.106374618562E+01
6;0.060015;80; -2.160811027766E+00;  1.306651604918E-35;  5.689945174604E+00;  6.086425912448E+00;  0.000000000000E+00;  0.000000000000E+00; -6.278400362110E+01; -2.160811027766E+00;  1.306651604918E-35; -5.709405844650E+01;  5.713493339621E+01
7;0.070039;80;  6.272392075358E+01;  1.204099550034E-34;  1.085533448540E+01;  6.365633135432E+01;  0.000000000000E+00;  0.000000000000E+00; -6.278400362110E+01;  6.272392075358E+01;  1.204099550034E-34; -5.192866913570E+01;  8.143019656679E+01
8;0.080014;80; -1.087098114932E+00;  1.383022648434E-34;  7.508013963819E+00;  7.586307138021E+00;  0.000000000000E+00;  0.000000000000E+00; -6.278400362110E+01; -1.087098114932E+00;  1.383022648434E-34; -5.527598965728E+01;  5.528667845787E+01
9;0.090007;80;  4.650382075166E+01;  1.199102531077E-34;  1.250501950540E+01;  4.815579775409E+01;  0.000000000000E+00;  0.000000000000E+00; -6.278400362110E+01;  4.650382075166E+01;  1.199102531077E-34; -5.027898411570E+01;  6.848782072902E+01
10;0.100018;80;  6.231190106812E+01; -1.492280614342E-34;  1.058485694654E+01;  6.320452682603E+01;  0.000000000000E+00;  0.000000000000E+00; -6.278400362110E+01;  6.231190106812E+01; -1.492280614342E-34; -5.219914667456E+01;  8.128667743410E+01
11;0.110033;80;  1.682569611060E+01; -1.702809979849E-34;  9.081482405685E+00;  1.912007772711E+01;  0.000000000000E+00;  0.000000000000E+00; -6.278400362110E+01;  1.682569611060E+01; -1.702809979849E-34; -5.370252121542E+01;  5.627668108994E+01
12;0.120004;80;  5.846163507009E+01; -7.067171009020E-35;  1.346602336863E+01;  5.999247086455E+01;  0.000000000000E+00;  0.000000000000E+00; -6.278400362110E+01;  5.846163507009E+01; -7.067171009020E-35; -4.931798025247E+01;  7.648546235235E+01
13;0.130035;80;  4.349419636729E+01;  1.676585513000E-34;  1.261904795794E+01;  4.528780728851E+01;  0.000000000000E+00;  0.000000000000E+00; -6.278400362110E+01;  4.349419636729E+01;  1.676585513000E-34; -5.016495566316E+01;  6.639478815633E+01
14;0.140001;80;  6.233265776385E+01; -1.017364947193E-33;  2.058969375774E+01;  6.564522612454E+01;  0.000000000000E+00;  0.000000000000E+00; -6.278400362110E+01;  6.233265776385E+01; -1.017364947193E-33; -4.219430986336E+01;  7.527097720072E+01
15;0.150039;80;  5.966143044176E+01; -5.185863029677E-34;  1.433858159987E+01;  6.136025753412E+01;  0.000000000000E+00;  0.000000000000E+00; -6.278400362110E+01;  5.966143044176E+01; -5.185863029677E-34; -4.844542202123E+01;  7.685340068710E+01
16;0.160021;80;  7.668820398805E+01; -2.008659811052E-33;  2.383707006629E+01;  8.030745009187E+01;  0.000000000000E+00;  0.000000000000E+00; -6.278400362110E+01;  7.668820398805E+01; -2.008659811052E-33; -3.894693355481E+01;  8.601130311904E+01
17;0.170014;80;  4.900148663289E+01; -3.059550442799E-33;  2.161987376764E+01;  5.355898275698E+01;  0.000000000000E+00;  0.000000000000E+00; -6.278400362110E+01;  4.900148663289E+01; -3.059550442799E-33; -4.116412985346E+01;  6.399711930099E+01
18;0.180016;80;  7.253032379314E+01; -3.486723838572E-33;  2.900737049293E+01;  7.811578209589E+01;  0.000000000000E+00;  0.000000000000E+00; -6.278400362110E+01;  7.253032379314E+01; -3.486723838572E-33; -3.377663312818E+01;  8.000942953811E+01
19;0.190028;80;  1.315510445915E+01; -3.877621985079E-33;  3.750420321679E+01;  3.974445913908E+01;  0.000000000000E+00;  0.000000000000E+00; -6.278400362110E+01;  1.315510445915E+01; -3.877621985079E-33; -2.527980040431E+01;  2.849780836859E+01
20;0.200024;80;  2.398938881925E+01; -4.995885113309E-33;  6.200777122390E+01;  6.648649838935E+01;  0.000000000000E+00;  0.000000000000E+00; -6.278400362110E+01;  2.398938881925E+01; -4.995885113309E-33; -7.762323972021E-01;  2.400194393494E+01
21;0.210031;80;  6.510516345636E+01; -4.886342466814E-33;  4.705316861053E+01;  8.032859381920E+01;  0.000000000000E+00;  0.000000000000E+00; -6.278400362110E+01;  6.510516345636E+01; -4.886342466814E-33; -1.573083501057E+01;  6.697866435521E+01
22;0.220023;80;  4.388162943007E+01;  7.406318210093E-33;  6.843273273159E+01;  8.129351948681E+01;  0.000000000000E+00;  0.000000000000E+00; -6.278400362110E+01;  4.388162943007E+01;  7.406318210093E-33;  5.648729110490E+00;  4.424370624170E+01
23;0.230022;80; -9.906318578271E+00; -4.247035077619E-34; -2.724141855898E+00;  1.027404967018E+01;  0.000000000000E+00;  0.000000000000E+00; -6.278400362110E+01; -9.906318578271E+00; -4.247035077619E-34; -6.550814547700E+01;  6.625294160722E+01
24;0.240015;80;  4.220197699568E+01;  8.418630299433E-33;  7.299743863638E+01;  8.431863916013E+01;  0.000000000000E+00;  0.000000000000E+00; -6.278400362110E+01;  4.220197699568E+01;  8.418630299433E-33;  1.021343501528E+01;  4.342028462776E+01
25;0.250032;80;  1.178407065480E+01; -4.394416532205E-35;  5.358762165290E+00;  1.294529463324E+01;  0.000000000000E+00;  0.000000000000E+00; -6.278400362110E+01;  1.178407065480E+01; -4.394416532205E-35; -5.742524145581E+01;  5.862186177064E+01
26;0.260035;80;  1.800316258132E+00;  7.479269404435E-35;  8.775210630524E-01;  2.002793510423E+00;  0.000000000000E+00;  0.000000000000E+00; -6.278400362110E+01;  1.800316258132E+00;  7.479269404435E-35; -6.190648255805E+01;  6.193265472543E+01
27;0.270035;80; -2.322060419198E+01; -2.853092837495E-33;  3.231764371868E+01;  3.979480562295E+01;  0.000000000000E+00;  0.000000000000E+00; -6.278400362110E+01; -2.322060419198E+01; -2.853092837495E-33; -3.046635990242E+01;  3.830659923230E+01
28;0.280013;80; -3.340567854652E+00; -2.088924866198E-33;  2.166485334731E+01;  2.192088648190E+01;  0.000000000000E+00;  0.000000000000E+00; -6.278400362110E+01; -3.340567854652E+00; -2.088924866198E-33; -4.111915027379E+01;  4.125462292677E+01
29;0.290014;80; -6.177923007292E+00; -3.640715832151E-33;  2.283675792868E+01;  2.365764665763E+01;  0.000000000000E+00;  0.000000000000E+00; -6.278400362110E+01; -6.177923007292E+00; -3.640715832151E-33; -3.994724569242E+01;  4.042213714160E+01
30;0.300015;80; -1.023962757471E+00; -2.943036579138E-34;  2.470886291130E+00;  2.674654892202E+00;  0.000000000000E+00;  0.000000000000E+00; -6.278400362110E+01; -1.023962757471E+00; -2.943036579138E-34; -6.031311732997E+01;  6.032180884048E+01
31;0.310022;80; -8.556129135091E-04; -4.434454493537E-37;  1.043510452561E-03;  1.349439706829E-03;  0.000000000000E+00;  0.000000000000E+00; -6.278400362110E+01; -8.556129135091E-04; -4.434454493537E-37; -6.278296011065E+01;  6.278296011648E+01
32;0.320015;80; -8.736751795708E-04; -5.077972215359E-37;  1.030159011933E-03;  1.350753830002E-03;  0.000000000000E+00;  0.000000000000E+00; -6.278400362110E+01; -8.736751795708E-04; -5.077972215359E-37; -6.278297346209E+01;  6.278297346817E+01
33;0.330012;80; -8.864502883538E-04; -5.111505978950E-37;  1.016235366706E-03;  1.348528247485E-03;  0.000000000000E+00;  0.000000000000E+00; -6.278400362110E+01; -8.864502883538E-04; -5.111505978950E-37; -6.278298738573E+01;  6.278298739199E+01
34;0.340002;80; -9.101451480007E-04; -6.006774230965E-37;  1.012325301950E-03;  1.361310657931E-03;  0.000000000000E+00;  0.000000000000E+00; -6.278400362110E+01; -9.101451480007E-04; -6.006774230965E-37; -6.278299129580E+01;  6.278299130240E+01
35;0.350033;80; -9.249621571178E-04; -6.558659726217E-37;  1.002311721479E-03;  1.363885544726E-03;  0.000000000000E+00;  0.000000000000E+00; -6.278400362110E+01; -9.249621571178E-04; -6.558659726217E-37; -6.278300130938E+01;  6.278300131619E+01
36;0.360039;80; -9.429765167330E-04; -6.745209721238E-37;  9.995460659198E-04;  1.374153211620E-03;  0.000000000000E+00;  0.000000000000E+00; -6.278400362110E+01; -9.429765167330E-04; -6.745209721238E-37; -6.278300407504E+01;  6.278300408212E+01
37;0.370006;80; -9.562753404492E-04; -7.319862523560E-37;  9.921074061410E-04;  1.377947615866E-03;  0.000000000000E+00;  0.000000000000E+00; -6.278400362110E+01; -9.562753404492E-04; -7.319862523560E-37; -6.278301151370E+01;  6.278301152098E+01
38;0.380038;80; -9.781415099526E-04; -7.718490576270E-37;  9.932518153377E-04;  1.394026535674E-03;  0.000000000000E+00;  0.000000000000E+00; -6.278400362110E+01; -9.781415099526E-04; -7.718490576270E-37; -6.278301036929E+01;  6.278301037691E+01
39;0.390017;80; -9.859172905899E-04; -8.153784207805E-37;  9.882927088185E-04;  1.395978288580E-03;  0.000000000000E+00;  0.000000000000E+00; -6.278400362110E+01; -9.859172905899E-04; -8.153784207805E-37; -6.278301532839E+01;  6.278301533613E+01
40;0.400025;80; -9.985555958446E-04; -8.532270754191E-37;  9.868621973226E-04;  1.403926734020E-03;  0.000000000000E+00;  0.000000000000E+00; -6.278400362110E+01; -9.985555958446E-04; -8.532270754191E-37; -6.278301675890E+01;  6.278301676685E+01
41;0.410013;80; -1.008572990066E-03; -9.369431636574E-37;  9.833336022993E-04;  1.408603723445E-03;  0.000000000000E+00;  0.000000000000E+00; -6.278400362110E+01; -1.008572990066E-03; -9.369431636574E-37; -6.278302028750E+01;  6.278302029560E+01
42;0.420014;80; -1.026365847293E-03; -1.009128759235E-36;  9.842872766299E-04;  1.422057767964E-03;  0.000000000000E+00;  0.000000000000E+00; -6.278400362110E+01; -1.026365847293E-03; -1.009128759235E-36; -6.278301933382E+01;  6.278301934221E+01
43;0.430033;80; -6.335921917460E-02; -8.294790527050E-35;  1.071557060950E-01;  1.244858867629E-01;  0.000000000000E+00;  0.000000000000E+00; -6.278400362110E+01; -6.335921917460E-02; -8.294790527050E-35; -6.267684791501E+01;  6.267687993951E+01
44;0.440032;80; -5.471337582256E-01; -7.153943752564E-34;  9.303108592378E-01;  1.079274591661E+00;  0.000000000000E+00;  0.000000000000E+00; -6.278400362110E+01; -5.471337582256E-01; -7.153943752564E-34; -6.185369276186E+01;  6.185611258096E+01
45;0.450023;80; -4.010766862586E-03; -4.939531201123E-36;  6.046676725845E-03;  7.255932073338E-03;  0.000000000000E+00;  0.000000000000E+00; -6.278400362110E+01; -4.010766862586E-03; -4.939531201123E-36; -6.277795694438E+01;  6.277795707250E+01
46;0.460013;80; -4.031322886703E-03; -4.880140235353E-36;  6.039238066066E-03;  7.261126678104E-03;  0.000000000000E+00;  0.000000000000E+00; -6.278400362110E+01; -4.031322886703E-03; -4.880140235353E-36; -6.277796438304E+01;  6.277796451247E+01
47;0.470017;80; -2.234945897986E+00; -7.289612435253E-33;  5.724305381243E+00;  6.145132648255E+00;  0.000000000000E+00;  0.000000000000E+00; -6.278400362110E+01; -2.234945897986E+00; -7.289612435253E-33; -5.705969823986E+01;  5.710345126514E+01
48;0.480026;80; -2.134569507095E+02; -5.442540327055E-31;  3.915084948228E+02;  4.459178975155E+02;  0.000000000000E+00;  0.000000000000E+00; -6.278400362110E+01; -2.134569507095E+02; -5.442540327055E-31;  3.287244912017E+02;  3.919485437172E+02
49;0.490039;80; -3.486786219841E+01; -7.005067455455E-32;  4.278508021213E+01;  5.519357664661E+01;  0.000000000000E+00;  0.000000000000E+00; -6.278400362110E+01; -3.486786219841E+01; -7.005067455455E-32; -1.999892340897E+01;  4.019607881131E+01
50;0.500005;80; -5.643703654530E+01; -1.641532859073E-31;  1.263579608289E+02;  1.383888483905E+02;  0.000000000000E+00;  0.000000000000E+00; -6.278400362110E+01; -5.643703654530E+01; -1.641532859073E-31;  6.357395720778E+01;  8.501051187396E+01
51;0.510023;80; -9.811154130151E+00; -2.087946906165E-32;  1.475583694511E+01;  1.771986087181E+01;  0.000000000000E+00;  0.000000000000E+00; -6.278400362110E+01; -9.811154130151E+00; -2.087946906165E-32; -4.802816667599E+01;  4.902003202388E+01
52;0.520041;80; -1.022683466612E+02; -2.745930851885E-31;  2.297000252500E+02;  2.514376987022E+02;  0.000000000000E+00;  0.000000000000E+00; -6.278400362110E+01; -1.022683466612E+02; -2.745930851885E-31;  1.669160216289E+02;  1.957543690579E+02
53;0.530014;80; -8.348715818251E+01; -1.686570649091E-31;  1.094100518318E+02;  1.376250886402E+02;  0.000000000000E+00;  0.000000000000E+00; -6.278400362110E+01; -8.348715818251E+01; -1.686570649091E-31;  4.662604821065E+01;  9.562475596379E+01
54;0.540021;80; -7.986298417527E+01; -2.173709857602E-31;  1.819014661357E+02;  1.986611175437E+02;  0.000000000000E+00;  0.000000000000E+00; -6.278400362110E+01; -7.986298417527E+01; -2.173709857602E-31;  1.191174625146E+02;  1.434122244347E+02
55;0.550032;80; -4.110941952929E+01; -1.100700197663E-31;  9.051381930282E+01;  9.941195028174E+01;  0.000000000000E+00;  0.000000000000E+00; -6.278400362110E+01; -4.110941952929E+01; -1.100700197663E-31;  2.772981568172E+01;  4.958756952884E+01
56;0.560018;80; -8.201133404651E+01; -1.887583635163E-31;  1.440445721633E+02;  1.657549326017E+02;  0.000000000000E+00;  0.000000000000E+00; -6.278400362110E+01; -8.201133404651E+01; -1.887583635163E-31;  8.126056854219E+01;  1.154518900317E+02
57;0.570018;80; -8.381126512473E+01; -2.057335763994E-31;  1.521265504617E+02;  1.736859681068E+02;  0.000000000000E+00;  0.000000000000E+00; -6.278400362110E+01; -8.381126512473E+01; -2.057335763994E-31;  8.934254684065E+01;  1.225006891319E+02
58;0.580038;80; -2.456804819801E+01; -4.839531249880E-32;  3.200408421761E+01;  4.034662809787E+01;  0.000000000000E+00;  0.000000000000E+00; -6.278400362110E+01; -2.456804819801E+01; -4.839531249880E-32; -3.077991940349E+01;  3.938264123628E+01
59;0.590027;80; -3.050530430510E+01; -2.090456474839E-32;  7.210237848911E+00;  3.134583099209E+01;  0.000000000000E+00;  0.000000000000E+00; -6.278400362110E+01; -3.050530430510E+01; -2.090456474839E-32; -5.557376577219E+01;  6.339571778006E+01
60;0.600011;80; -5.697486373154E+01; -1.421541318612E-31;  1.199361579707E+02;  1.327810870794E+02;  0.000000000000E+00;  0.000000000000E+00; -6.278400362110E+01; -5.697486373154E+01; -1.421541318612E-31;  5.715215434957E+01;  8.070008577458E+01
61;0.610036;80; -4.453220756753E+01; -5.415313992714E-32;  3.141571134054E+01;  5.449829749515E+01;  0.000000000000E+00;  0.000000000000E+00; -6.278400362110E+01; -4.453220756753E+01; -5.415313992714E-32; -3.136829228056E+01;  5.447097641346E+01
62;0.620028;80; -4.899282825436E+00; -8.996929308363E-34;  5.218057710201E-01;  4.926992334710E+00;  0.000000000000E+00;  0.000000000000E+00; -6.278400362110E+01; -4.899282825436E+00; -8.996929308363E-34; -6.226219785008E+01;  6.245465757913E+01
63;0.630004;80; -4.396736747036E+00; -5.869042029292E-34; -1.666189296040E+00;  4.701859291065E+00;  0.000000000000E+00;  0.000000000000E+00; -6.278400362110E+01; -4.396736747036E+00; -5.869042029292E-34; -6.445019291714E+01;  6.459998963684E+01
64;0.640024;80; -6.699305170825E+01; -1.469900580958E-31;  1.016103894973E+02;  1.217076013689E+02;  0.000000000000E+00;  0.000000000000E+00; -6.278400362110E+01; -6.699305170825E+01; -1.469900580958E-31;  3.882638587618E+01;  7.743098357499E+01
65;0.650006;80; -1.605833325273E+02; -3.664303198405E-31;  2.824189377966E+02;  3.248806905800E+02;  0.000000000000E+00;  0.000000000000E+00; -6.278400362110E+01; -1.605833325273E+02; -3.664303198405E-31;  2.196349341755E+02;  2.720781339907E+02
66;0.660005;80; -9.821039712618E+01; -1.306443771035E-31;  9.432678770910E+01;  1.361720418559E+02;  0.000000000000E+00;  0.000000000000E+00; -6.278400362110E+01; -9.821039712618E+01; -1.306443771035E-31;  3.154278408800E+01;  1.031514872976E+02
67;0.670030;80;  2.274563305439E+01; -2.615614842595E-32;  3.847635860557E+01;  4.469668885487E+01;  0.000000000000E+00;  0.000000000000E+00; -6.278400362110E+01;  2.274563305439E+01; -2.615614842595E-32; -2.430764501553E+01;  3.329001996464E+01
68;0.680016;80;  9.103851307076E+01; -1.636813748882E-32;  6.254630322674E+01;  1.104538406280E+02;  0.000000000000E+00;  0.000000000000E+00; -6.278400362110E+01;  9.103851307076E+01; -1.636813748882E-32; -2.377003943577E-01;  9.103882338657E+01
69;0.690017;80; -2.568446036913E+00; -5.003050991880E-33;  3.477120048957E+00;  4.322878540902E+00;  0.000000000000E+00;  0.000000000000E+00; -6.278400362110E+01; -2.568446036913E+00; -5.003050991880E-33; -5.930688357214E+01;  5.936247429214E+01
70;0.700011;80; -4.692863286038E+01; -1.380389185975E-31;  1.229161296951E+02;  1.315700251629E+02;  0.000000000000E+00;  0.000000000000E+00; -6.278400362110E+01; -4.692863286038E+01; -1.380389185975E-31;  6.013212607402E+01;  7.627692421910E+01
71;0.710023;80; -1.235430307320E+02; -3.499694957109E-31;  2.855226263631E+02;  3.111045653919E+02;  0.000000000000E+00;  0.000000000000E+00; -6.278400362110E+01; -1.235430307320E+02; -3.499694957109E-31;  2.227386227420E+02;  2.547064477068E+02
72;0.720025;80; -1.485242363379E+01; -5.300543544897E-32;  4.750158178064E+01;  4.976941590435E+01;  0.000000000000E+00;  0.000000000000E+00; -6.278400362110E+01; -1.485242363379E+01; -5.300543544897E-32; -1.528242184047E+01;  2.131072277299E+01
73;0.730017;80; -5.144520987202E+01; -9.321404986668E-32;  9.005829570380E+01;  1.037164704560E+02;  0.000000000000E+00;  0.000000000000E+00; -6.278400362110E+01; -5.144520987202E+01; -9.321404986668E-32;  2.727429208270E+01;  5.822797117700E+01
74;0.740028;80; -7.579122985139E+01; -1.720080385880E-31;  1.259462851695E+02;  1.469924395008E+02;  0.000000000000E+00;  0.000000000000E+00; -6.278400362110E+01; -7.579122985139E+01; -1.720080385880E-31;  6.316228154841E+01;  9.865994289876E+01
75;0.750023;80;  6.074525705667E+01; -3.885028441094E-32;  6.404231923882E+01;  8.826893512650E+01;  0.000000000000E+00;  0.000000000000E+00; -6.278400362110E+01;  6.074525705667E+01; -3.885028441094E-32;  1.258315617715E+00;  6.075828843108E+01
76;0.760001;80; -4.186855341312E+01; -8.225229773639E-32;  6.794377440130E+01;  7.980809636123E+01;  0.000000000000E+00;  0.000000000000E+00; -6.278400362110E+01; -4.186855341312E+01; -8.225229773639E-32;  5.159770780202E+00;  4.218529363904E+01
77;0.770009;80; -7.260103161430E+01; -1.592810780816E-31;  1.328023373366E+02;  1.513518106714E+02;  0.000000000000E+00;  0.000000000000E+00; -6.278400362110E+01; -7.260103161430E+01; -1.592810780816E-31;  7.001833371547E+01;  1.008636547412E+02
78;0.780024;80; -1.073623765050E+02; -1.790635714852E-31;  1.310650693158E+02;  1.694247097786E+02;  0.000000000000E+00;  0.000000000000E+00; -6.278400362110E+01; -1.073623765050E+02; -1.790635714852E-31;  6.828106569471E+01;  1.272359376167E+02
79;0.790022;80; -2.755573308837E+01; -2.389169857845E-31;  1.927385853401E+02;  1.946984352914E+02;  0.000000000000E+00;  0.000000000000E+00; -6.278400362110E+01; -2.755573308837E+01; -2.389169857845E-31;  1.299545817190E+02;  1.328439375199E+02
80;0.800006;80; -7.626295288713E+01; -2.853216305523E-31;  2.225589557433E+02;  2.352626760976E+02;  0.000000000000E+00;  0.000000000000E+00; -6.278400362110E+01; -7.626295288713E+01; -2.853216305523E-31;  1.597749521222E+02;  1.770425748477E+02
81;0.810006;80; -8.549460324805E+01; -2.392129327330E-31;  1.987267146278E+02;  2.163368537520E+02;  0.000000000000E+00;  0.000000000000E+00; -6.278400362110E+01; -8.549460324805E+01; -2.392129327330E-31;  1.359427110067E+02;  1.605918673545E+02
82;0.820010;80; -6.760130403291E+01; -2.236977627694E-31;  1.821100262122E+02;  1.942524078460E+02;  0.000000000000E+00;  0.000000000000E+00; -6.278400362110E+01; -6.760130403291E+01; -2.236977627694E-31;  1.193260225911E+02;  1.371445805504E+02
83;0.830022;80; -5.416128387475E+01; -1.644791304581E-31;  1.305624499226E+02;  1.413506208007E+02;  0.000000000000E+00;  0.000000000000E+00; -6.278400362110E+01; -5.416128387475E+01; -1.644791304581E-31;  6.777844630150E+01;  8.676037375442E+01
84;0.840000;80; -1.825112540498E+01; -1.940554610939E-32;  1.183021011994E+01;  2.174988390843E+01;  0.000000000000E+00;  0.000000000000E+00; -6.278400362110E+01; -1.825112540498E+01; -1.940554610939E-32; -5.095379350117E+01;  5.412386396690E+01
85;0.850003;80; -6.539777538610E+00;  7.429765834492E-34; -3.018743059318E+00;  7.202881361837E+00;  0.000000000000E+00;  0.000000000000E+00; -6.278400362110E+01; -6.539777538610E+00;  7.429765834492E-34; -6.580274668042E+01;  6.612692462940E+01
86;0.860012;80;  2.290732132547E+01; -5.780389199302E-33;  1.423452195279E+01;  2.696974203682E+01;  0.000000000000E+00;  0.000000000000E+00; -6.278400362110E+01;  2.290732132547E+01; -5.780389199302E-33; -4.854948166832E+01;  5.368237644302E+01
87;0.870018;80; -1.094324426734E-01; -1.493693608673E-32;  1.827441428713E+01;  1.827474194064E+01;  0.000000000000E+00;  0.000000000000E+00; -6.278400362110E+01; -1.094324426734E-01; -1.493693608673E-32; -4.450958933398E+01;  4.450972386051E+01
88;0.880026;80; -9.081766583734E+01; -2.574182052638E-31;  2.126001859635E+02;  2.311853963811E+02;  0.000000000000E+00;  0.000000000000E+00; -6.278400362110E+01; -9.081766583734E+01; -2.574182052638E-31;  1.498161823424E+02;  1.751934271592E+02
89;0.890029;80; -7.623274142378E+01; -1.424076362721E-31;  9.754466725505E+01;  1.237998100761E+02;  0.000000000000E+00;  0.000000000000E+00; -6.278400362110E+01; -7.623274142378E+01; -1.424076362721E-31;  3.476066363395E+01;  8.378385644775E+01
90;0.900014;80; -2.081910171313E+01; -1.242972637593E-32;  4.398517459609E+00;  2.127867364250E+01;  0.000000000000E+00;  0.000000000000E+00; -6.278400362110E+01; -2.081910171313E+01; -1.242972637593E-32; -5.838548616149E+01;  6.198628872949E+01
91;0.910031;80; -6.748956355111E+00; -4.342092939180E-34; -2.116026647628E+00;  7.072904683132E+00;  0.000000000000E+00;  0.000000000000E+00; -6.278400362110E+01; -6.748956355111E+00; -4.342092939180E-34; -6.490003026873E+01;  6.524999877981E+01
92;0.920000;80; -4.470720686671E+00; -7.769270413583E-33;  9.475895355283E+00;  1.047759210136E+01;  0.000000000000E+00;  0.000000000000E+00; -6.278400362110E+01; -4.470720686671E+00; -7.769270413583E-33; -5.330810826582E+01;  5.349524979228E+01
93;0.930006;80; -7.132146816778E+00; -2.207711763945E-32;  2.485705300655E+01;  2.586001938101E+01;  0.000000000000E+00;  0.000000000000E+00; -6.278400362110E+01; -7.132146816778E+00; -2.207711763945E-32; -3.792695061456E+01;  3.859172322060E+01
94;0.940018;80; -4.849866278373E+01; -1.989923550658E-31;  1.852790810239E+02;  1.915214300199E+02;  0.000000000000E+00;  0.000000000000E+00; -6.278400362110E+01; -4.849866278373E+01; -1.989923550658E-31;  1.224950774028E+02;  1.317465911503E+02
95;0.950034;80; -1.216589112019E+01; -5.482884959805E-32;  5.343215511787E+01;  5.479967251078E+01;  0.000000000000E+00;  0.000000000000E+00; -6.278400362110E+01; -1.216589112019E+01; -5.482884959805E-32; -9.351848503230E+00;  1.534490068966E+01
96;0.960022;80; -2.179835114460E+00; -4.733190445815E-33;  6.814202982399E+00;  7.154372328274E+00;  0.000000000000E+00;  0.000000000000E+00; -6.278400362110E+01; -2.179835114460E+00; -4.733190445815E-33; -5.596980063870E+01;  5.601223316975E+01
97;0.970027;80; -2.029780941173E+00; -6.992812675639E-33;  6.540576698491E+00;  6.848295716307E+00;  0.000000000000E+00;  0.000000000000E+00; -6.278400362110E+01; -2.029780941173E+00; -6.992812675639E-33; -5.624342692261E+01;  5.628004160151E+01
98;0.980005;80; -1.443688570619E+01; -1.455378108510E-32;  1.489954491406E+01;  2.074656857265E+01;  0.000000000000E+00;  0.000000000000E+00; -6.278400362110E+01; -1.443688570619E+01; -1.455378108510E-32; -4.788445870704E+01;  5.001344873691E+01
99;0.990034;80;  1.265626785276E+01; -2.862254358231E-32;  3.855271721114E+01;  4.057700235753E+01;  0.000000000000E+00;  0.000000000000E+00; -6.278400362110E+01;  1.265626785276E+01; -2.862254358231E-32; -2.423128640996E+01;  2.733745337522E+01
100;1.000022;80; -5.344552213825E+01; -2.278463144445E-31;  2.200915453209E+02;  2.264877748541E+02;  0.000000000000E+00;  0.000000000000E+00; -6.278400362110E+01; -5.344552213825E+01; -2.278463144445E-31;  1.573075416998E+02;  1.661387568037E+02
101;1.010020;80; -4.932725142921E+01; -1.783926950202E-31;  1.602205830607E+02;  1.676419188922E+02;  0.000000000000E+00;  0.000000000000E+00; -6.278400362110E+01; -4.932725142921E+01; -1.783926950202E-31;  9.743657943959E+01;  1.092111017546E+02
102;1.020017;80; -3.516009879537E-01; -2.644306717803E-33;  2.560229530338E+00;  2.584259759147E+00;  0.000000000000E+00;  0.000000000000E+00; -6.278400362110E+01; -3.516009879537E-01; -2.644306717803E-33; -6.022377409076E+01;  6.022480044791E+01
103;1.030011;80; -1.138237159547E-02; -1.160946677916E-35;  1.812672642062E-02;  2.140412562721E-02;  0.000000000000E+00;  0.000000000000E+00; -6.278400362110E+01; -1.138237159547E-02; -1.160946677916E-35; -6.276587689468E+01;  6.276587792676E+01
104;1.040016;80; -1.576116512500E-02; -1.978675388466E-35;  3.236870813919E-02;  3.600204984022E-02;  0.000000000000E+00;  0.000000000000E+00; -6.278400362110E+01; -1.576116512500E-02; -1.978675388466E-35; -6.275163491296E+01;  6.275163689231E+01
105;1.050018;80; -1.089544696671E-02; -1.070542113199E-35;  1.712417628056E-02;  2.029650654403E-02;  0.000000000000E+00;  0.000000000000E+00; -6.278400362110E+01; -1.089544696671E-02; -1.070542113199E-35; -6.276687944482E+01;  6.276688039047E+01
106;1.060002;80; -1.080747878684E-02; -1.051444740385E-35;  1.730699564974E-02;  2.040425681440E-02;  0.000000000000E+00;  0.000000000000E+00; -6.278400362110E+01; -1.080747878684E-02; -1.051444740385E-35; -6.276669662545E+01;  6.276669755589E+01
107;1.070024;80; -1.080377235577E-02; -1.053452561660E-35;  1.733517672621E-02;  2.042620496431E-02;  0.000000000000E+00;  0.000000000000E+00; -6.278400362110E+01; -1.080377235577E-02; -1.053452561660E-35; -6.276666844438E+01;  6.276666937418E+01
108;1.080011;80; -6.988078963765E-01; -2.172311366594E-33;  3.105879695056E+00;  3.183523387098E+00;  0.000000000000E+00;  0.000000000000E+00; -6.278400362110E+01; -6.988078963765E-01; -2.172311366594E-33; -5.967812392605E+01;  5.968221517176E+01
109;1.090018;80; -7.785939772091E+01; -2.745156305438E-31;  2.603934809863E+02;  2.717845668054E+02;  0.000000000000E+00;  0.000000000000E+00; -6.278400362110E+01; -7.785939772091E+01; -2.745156305438E-31;  1.976094773652E+02;  2.123948948492E+02
110;1.100021;80; -1.020405756989E+01; -7.293143255316E-32;  7.531646663720E+01;  7.600455866329E+01;  0.000000000000E+00;  0.000000000000E+00; -6.278400362110E+01; -1.020405756989E+01; -7.293143255316E-32;  1.253246301610E+01;  1.616123201181E+01
111;1.110010;80; -9.027693340967E-01; -7.391939239470E-33;  8.272199801686E+00;  8.321314921910E+00;  0.000000000000E+00;  0.000000000000E+00; -6.278400362110E+01; -9.027693340967E-01; -7.391939239470E-33; -5.451180381942E+01;  5.451927868302E+01
112;1.120022;80; -3.531282494311E-02; -6.045809706807E-35;  1.142644422392E-01;  1.195966486390E-01;  0.000000000000E+00;  0.000000000000E+00; -6.278400362110E+01; -3.531282494311E-02; -6.045809706807E-35; -6.266973917886E+01;  6.266974912781E+01
113;1.130000;80; -1.202500070669E-02; -1.417704838601E-35;  2.521548308753E-02;  2.793602028445E-02;  0.000000000000E+00;  0.000000000000E+00; -6.278400362110E+01; -1.202500070669E-02; -1.417704838601E-35; -6.275878813801E+01;  6.275878929005E+01
114;1.140019;80; -1.003857875300E-02; -8.790538668707E-36;  1.806659725408E-02;  2.066821230105E-02;  0.000000000000E+00;  0.000000000000E+00; -6.278400362110E+01; -1.003857875300E-02; -8.790538668707E-36; -6.276593702385E+01;  6.276593782662E+01
115;1.150017;80; -9.986409856735E-03; -9.085444010522E-36;  1.813330677350E-02;  2.070133320269E-02;  0.000000000000E+00;  0.000000000000E+00; -6.278400362110E+01; -9.986409856735E-03; -9.085444010522E-36; -6.276587031433E+01;  6.276587110878E+01
116;1.160020;80; -9.936963099978E-03; -8.844697457224E-36;  1.816849735630E-02;  2.070839278738E-02;  0.000000000000E+00;  0.000000000000E+00; -6.278400362110E+01; -9.936963099978E-03; -8.844697457224E-36; -6.276583512375E+01;  6.276583591035E+01
117;1.170020;80; -9.810013214089E-03; -8.934995240419E-36;  1.822137859794E-02;  2.069432282704E-02;  0.000000000000E+00;  0.000000000000E+00; -6.278400362110E+01; -9.810013214089E-03; -8.934995240419E-36; -6.276578224250E+01;  6.276578300913E+01
118;1.180004;80; -9.678059168951E-03; -8.978711395679E-36;  1.828689602445E-02;  2.068998297454E-02;  0.000000000000E+00;  0.000000000000E+00; -6.278400362110E+01; -9.678059168951E-03; -8.978711395679E-36; -6.276571672508E+01;  6.276571747122E+01
119;1.190008;80; -9.522759381089E-03; -8.677387995259E-36;  1.835227039981E-02;  2.067580167873E-02;  0.000000000000E+00;  0.000000000000E+00; -6.278400362110E+01; -9.522759381089E-03; -8.677387995259E-36; -6.276565135070E+01;  6.276565207309E+01
120;1.200006;80; -9.426181019115E-03; -8.446850811150E-36;  1.841468838475E-02;  2.068704031302E-02;  0.000000000000E+00;  0.000000000000E+00; -6.278400362110E+01; -9.426181019115E-03; -8.446850811150E-36; -6.276558893272E+01;  6.276558964053E+01
121;1.210001;80; -9.331104484664E-03; -8.045213448083E-36;  1.846179989668E-02;  2.068592676988E-02;  0.000000000000E+00;  0.000000000000E+00; -6.278400362110E+01; -9.331104484664E-03; -8.045213448083E-36; -6.276554182120E+01;  6.276554251481E+01
122;1.220022;80; -9.162709556151E-03; -8.177692940033E-36;  1.851677922184E-02;  2.065977635796E-02;  0.000000000000E+00;  0.000000000000E+00; -6.278400362110E+01; -9.162709556151E-03; -8.177692940033E-36; -6.276548684188E+01;  6.276548751068E+01
123;1.230012;80; -9.002982842780E-03; -8.068334185892E-36;  1.857714680697E-02;  2.064374199498E-02;  0.000000000000E+00;  0.000000000000E+00; -6.278400362110E+01; -9.002982842780E-03; -8.068334185892E-36; -6.276542647429E+01;  6.276542711998E+01
124;1.240004;80; -7.453263173115E-03; -8.498833776604E-36;  1.911973981738E-02;  2.052110091130E-02;  0.000000000000E+00;  0.000000000000E+00; -6.278400362110E+01; -7.453263173115E-03; -8.498833776604E-36; -6.276488388128E+01;  6.276488432382E+01
125;1.250005;80; -7.979110607566E-03; -8.170618683055E-36;  1.860075024666E-02;  2.023991392833E-02;  0.000000000000E+00;  0.000000000000E+00; -6.278400362110E+01; -7.979110607566E-03; -8.170618683055E-36; -6.276540287085E+01;  6.276540337803E+01
126;1.260016;80; -8.660457575291E-03; -8.123915559179E-36;  1.851596859866E-02;  2.044124796973E-02;  0.000000000000E+00;  0.000000000000E+00; -6.278400362110E+01; -8.660457575291E-03; -8.123915559179E-36; -6.276548765250E+01;  6.276548824999E+01
127;1.270018;80; -8.580733800579E-03; -8.094240273489E-36;  1.854877499564E-02;  2.043736887163E-02;  0.000000000000E+00;  0.000000000000E+00; -6.278400362110E+01; -8.580733800579E-03; -8.094240273489E-36; -6.276545484611E+01;  6.276545543265E+01
128;1.280005;80; -8.507627096141E-03; -8.113029737811E-36;  1.858668355028E-02;  2.044124566178E-02;  0.000000000000E+00;  0.000000000000E+00; -6.278400362110E+01; -8.507627096141E-03; -8.113029737811E-36; -6.276541693755E+01;  6.276541751414E+01
129;1.290004;80; -1.612009628017E-02; -2.761617915710E-35;  6.853871447651E-02;  7.040889777701E-02;  0.000000000000E+00;  0.000000000000E+00; -6.278400362110E+01; -1.612009628017E-02; -2.761617915710E-35; -6.271546490662E+01;  6.271546697834E+01
130;1.300018;80; -2.458013938114E-02; -5.177153138049E-35;  1.282475490607E-01;  1.305818405908E-01;  0.000000000000E+00;  0.000000000000E+00; -6.278400362110E+01; -2.458013938114E-02; -5.177153138049E-35; -6.265575607204E+01;  6.265576089349E+01
131;1.310007;80; -1.259285565604E-02; -2.025431301329E-35;  5.017447546384E-02;  5.173062924077E-02;  0.000000000000E+00;  0.000000000000E+00; -6.278400362110E+01; -1.259285565604E-02; -2.025431301329E-35; -6.273382914564E+01;  6.273383040955E+01
132;1.320007;80; -4.249690025575E-01; -1.208997425372E-33;  3.109894673674E+00;  3.138796510524E+00;  0.000000000000E+00;  0.000000000000E+00; -6.278400362110E+01; -4.249690025575E-01; -1.208997425372E-33; -5.967410894743E+01;  5.967562213603E+01
133;1.330009;80; -1.286360295798E-01; -3.559498262919E-34;  9.421252867896E-01;  9.508665963817E-01;  0.000000000000E+00;  0.000000000000E+00; -6.278400362110E+01; -1.286360295798E-01; -3.559498262919E-34; -6.184187833431E+01;  6.184201212076E+01
134;1.340013;80; -7.830233034011E-03; -7.878150545146E-36;  1.882200269136E-02;  2.038578756586E-02;  0.000000000000E+00;  0.000000000000E+00; -6.278400362110E+01; -7.830233034011E-03; -7.878150545146E-36; -6.276518161841E+01;  6.276518210684E+01
135;1.350003;80; -7.728636123853E-03; -8.031484211600E-36;  1.884951619580E-02;  2.037243424705E-02;  0.000000000000E+00;  0.000000000000E+00; -6.278400362110E+01; -7.728636123853E-03; -8.031484211600E-36; -6.276515410491E+01;  6.276515458074E+01
136;1.360004;80; -7.688996543199E-03; -8.137425709930E-36;  1.890044240505E-02;  2.040459239848E-02;  0.000000000000E+00;  0.000000000000E+00; -6.278400362110E+01; -7.688996543199E-03; -8.137425709930E-36; -6.276510317870E+01;  6.276510364966E+01
137;1.370021;80; -7.665212077688E-03; -8.127339850070E-36;  1.892924336984E-02;  2.042233411612E-02;  0.000000000000E+00;  0.000000000000E+00; -6.278400362110E+01; -7.665212077688E-03; -8.127339850070E-36; -6.276507437773E+01;  6.276507484579E+01
138;1.380009;80; -7.568853181882E-03; -8.359903348783E-36;  1.895747213002E-02;  2.041257671264E-02;  0.000000000000E+00;  0.000000000000E+00; -6.278400362110E+01; -7.568853181882E-03; -8.359903348783E-36; -6.276504614897E+01;  6.276504660534E+01
139;1.390019;80; -7.463270164479E-03; -8.292287774324E-36;  1.898589162507E-02;  2.040010986115E-02;  0.000000000000E+00;  0.000000000000E+00; -6.278400362110E+01; -7.463270164479E-03; -8.292287774324E-36; -6.276501772948E+01;  6.276501817320E+01
140;1.400016;80; -7.363814155404E-03; -8.388787879496E-36;  1.901636151994E-02;  2.039234573001E-02;  0.000000000000E+00;  0.000000000000E+00; -6.278400362110E+01; -7.363814155404E-03; -8.388787879496E-36; -6.276498725958E+01;  6.276498769156E+01
141;1.410013;80; -7.273002077237E-03; -8.258206158236E-36;  1.904563932189E-02;  2.038707768158E-02;  0.000000000000E+00;  0.000000000000E+00; -6.278400362110E+01; -7.273002077237E-03; -8.258206158236E-36; -6.276495798178E+01;  6.276495840317E+01
142;1.420008;80; -7.131230774428E-03; -8.281424847370E-36;  1.907463102154E-02;  2.036408605771E-02;  0.000000000000E+00;  0.000000000000E+00; -6.278400362110E+01; -7.131230774428E-03; -8.281424847370E-36; -6.276492899008E+01;  6.276492939520E+01
143;1.430020;80; -7.067465468384E-03; -8.236325350423E-36;  1.912279157523E-02;  2.038701120264E-02;  0.000000000000E+00;  0.000000000000E+00; -6.278400362110E+01; -7.067465468384E-03; -8.236325350423E-36; -6.276488082953E+01;  6.276488122743E+01
144;1.440007;80; -6.999992962927E-03; -8.191741622123E-36;  1.913785962966E-02;  2.037786967977E-02;  0.000000000000E+00;  0.000000000000E+00; -6.278400362110E+01; -6.999992962927E-03; -8.191741622123E-36; -6.276486576147E+01;  6.276486615182E+01
145;1.450006;80; -6.946403566881E-03; -8.243121817914E-36;  1.915364293983E-02;  2.037436036740E-02;  0.000000000000E+00;  0.000000000000E+00; -6.278400362110E+01; -6.946403566881E-03; -8.243121817914E-36; -6.276484997816E+01;  6.276485036255E+01
146;1.460005;80; -6.865416220246E-03; -8.244959192080E-36;  1.916561155268E-02;  2.035815821889E-02;  0.000000000000E+00;  0.000000000000E+00; -6.278400362110E+01; -6.865416220246E-03; -8.244959192080E-36; -6.276483800955E+01;  6.276483838503E+01
147;1.470023;80; -6.810836967987E-03; -8.300658947624E-36;  1.919727354046E-02;  2.036965418439E-02;  0.000000000000E+00;  0.000000000000E+00; -6.278400362110E+01; -6.810836967987E-03; -8.300658947624E-36; -6.276480634756E+01;  6.276480671710E+01
148;1.480015;80; -6.891497187562E-03; -8.359474069960E-36;  1.921105413453E-02;  2.040973626596E-02;  0.000000000000E+00;  0.000000000000E+00; -6.278400362110E+01; -6.891497187562E-03; -8.359474069960E-36; -6.276479256697E+01;  6.276479294531E+01
149;1.490001;80; -6.880212747570E-03; -8.379489184486E-36;  1.921138792055E-02;  2.040624299781E-02;  0.000000000000E+00;  0.000000000000E+00; -6.278400362110E+01; -6.880212747570E-03; -8.379489184486E-36; -6.276479223318E+01;  6.276479261028E+01
150;1.500017;80; -6.909873369670E-03; -8.386392346843E-36;  1.921577482247E-02;  2.042039059403E-02;  0.000000000000E+00;  0.000000000000E+00; -6.278400362110E+01; -6.909873369670E-03; -8.386392346843E-36; -6.276478784628E+01;  6.276478822664E+01
151;1.510012;80; -6.858008666642E-03; -8.375846078034E-36;  1.921067266480E-02;  2.039809371255E-02;  0.000000000000E+00;  0.000000000000E+00; -6.278400362110E+01; -6.858008666642E-03; -8.375846078034E-36; -6.276479294844E+01;  6.276479332311E+01
152;1.520028;80; -6.790384122772E-03; -8.377367100099E-36;  1.921772985485E-02;  2.038211120833E-02;  0.000000000000E+00;  0.000000000000E+00; -6.278400362110E+01; -6.790384122772E-03; -8.377367100099E-36; -6.276478589125E+01;  6.276478625856E+01
153;1.530007;80; -6.771339553726E-03; -8.409753100178E-36;  1.922268896137E-02;  2.038045166961E-02;  0.000000000000E+00;  0.000000000000E+00; -6.278400362110E+01; -6.771339553726E-03; -8.409753100178E-36; -6.276478093214E+01;  6.276478129740E+01
154;1.540022;80; -6.737430319468E-03; -8.406836747478E-36;  1.922326116597E-02;  2.036975054252E-02;  0.000000000000E+00;  0.000000000000E+00; -6.278400362110E+01; -6.737430319468E-03; -8.406836747478E-36; -6.276478035994E+01;  6.276478072155E+01
155;1.550011;80; -6.753845636790E-03; -8.408759919227E-36;  1.923122434663E-02;  2.038269905473E-02;  0.000000000000E+00;  0.000000000000E+00; -6.278400362110E+01; -6.753845636790E-03; -8.408759919227E-36; -6.276477239675E+01;  6.276477276013E+01
156;1.560002;80; -6.721845869952E-03; -8.356166360938E-36;  1.922411947286E-02;  2.036541139791E-02;  0.000000000000E+00;  0.000000000000E+00; -6.278400362110E+01; -6.721845869952E-03; -8.356166360938E-36; -6.276477950163E+01;  6.276477986157E+01
157;1.570018;80; -6.665546814118E-03; -8.278000326106E-36;  1.922421484030E-02;  2.034698873438E-02;  0.000000000000E+00;  0.000000000000E+00; -6.278400362110E+01; -6.665546814118E-03; -8.278000326106E-36; -6.276477940626E+01;  6.276477976020E+01
158;1.580011;80; -6.624562613194E-03; -8.255355717572E-36;  1.923227338839E-02;  2.034121848616E-02;  0.000000000000E+00;  0.000000000000E+00; -6.278400362110E+01; -6.624562613194E-03; -8.255355717572E-36; -6.276477134771E+01;  6.276477169731E+01
159;1.590009;80; -6.612960988011E-03; -8.268713223758E-36;  1.924052267135E-02;  2.034524430170E-02;  0.000000000000E+00;  0.000000000000E+00; -6.278400362110E+01; -6.612960988011E-03; -8.268713223758E-36; -6.276476309843E+01;  6.276476344680E+01
160;1.600020;80; -6.640608253656E-03; -8.320251532541E-36;  1.923866300640E-02;  2.035248958365E-02;  0.000000000000E+00;  0.000000000000E+00; -6.278400362110E+01; -6.640608253656E-03; -8.320251532541E-36; -6.276476495810E+01;  6.276476530939E+01
161;1.610022;80; -6.642841018071E-03; -8.336552957770E-36;  1.923790006694E-02;  2.035249704034E-02;  0.000000000000E+00;  0.000000000000E+00; -6.278400362110E+01; -6.642841018071E-03; -8.336552957770E-36; -6.276476572103E+01;  6.276476607256E+01
162;1.620017;80; -6.679342670245E-03; -8.324307744589E-36;  1.923351316502E-02;  2.036029585187E-02;  0.000000000000E+00;  0.000000000000E+00; -6.278400362110E+01; -6.679342670245E-03; -8.324307744589E-36; -6.276477010794E+01;  6.276477046334E+01
163;1.630026;80; -6.678758405019E-03; -8.317604772854E-36;  1.923012762115E-02;  2.035690600652E-02;  0.000000000000E+00;  0.000000000000E+00; -6.278400362110E+01; -6.678758405019E-03; -8.317604772854E-36; -6.276477349348E+01;  6.276477384882E+01
164;1.640013;80; -6.639475253161E-03; -8.287159259528E-36;  1.922106771501E-02;  2.033548808714E-02;  0.000000000000E+00;  0.000000000000E+00; -6.278400362110E+01; -6.639475253161E-03; -8.287159259528E-36; -6.276478255339E+01;  6.276478290456E+01
165;1.650018;80; -6.548858240509E-03; -8.338329238686E-36;  1.922135381730E-02;  2.030635336106E-02;  0.000000000000E+00;  0.000000000000E+00; -6.278400362110E+01; -6.548858240509E-03; -8.338329238686E-36; -6.276478226728E+01;  6.276478260894E+01
166;1.660005;80; -6.504235979233E-03; -8.298122400063E-36;  1.923747091349E-02;  2.030727388945E-02;  0.000000000000E+00;  0.000000000000E+00; -6.278400362110E+01; -6.504235979233E-03; -8.298122400063E-36; -6.276476615019E+01;  6.276476648720E+01
167;1.670004;80; -6.646375783106E-03; -8.426823478422E-36;  1.922950773283E-02;  2.034571892800E-02;  0.000000000000E+00;  0.000000000000E+00; -6.278400362110E+01; -6.646375783106E-03; -8.426823478422E-36; -6.276477411337E+01;  6.276477446527E+01
168;1.680027;80; -6.724519580689E-03; -8.497750959634E-36;  1.919965772628E-02;  2.034320575518E-02;  0.000000000000E+00;  0.000000000000E+00; -6.278400362110E+01; -6.724519580689E-03; -8.497750959634E-36; -6.276480396338E+01;  6.276480432360E+01
169;1.690018;80; -6.779488626376E-03; -8.538927464859E-36;  1.919245748509E-02;  2.035465279370E-02;  0.000000000000E+00;  0.000000000000E+00; -6.278400362110E+01; -6.779488626376E-03; -8.538927464859E-36; -6.276481116362E+01;  6.276481152976E+01
170;1.700028;80; -6.612402473854E-03; -8.607819157007E-36;  1.916279821340E-02;  2.027157373871E-02;  0.000000000000E+00;  0.000000000000E+00; -6.278400362110E+01; -6.612402473854E-03; -8.607819157007E-36; -6.276484082289E+01;  6.276484117120E+01
171;1.710018;80; -6.273239280909E-03; -8.611741875756E-36;  1.924514799185E-02;  2.024176998940E-02;  0.000000000000E+00;  0.000000000000E+00; -6.278400362110E+01; -6.273239280909E-03; -8.611741875756E-36; -6.276475847311E+01;  6.276475878661E+01
172;1.720024;80; -6.175221455100E-03; -8.460518521660E-36;  1.914491681971E-02;  2.011619248399E-02;  0.000000000000E+00;  0.000000000000E+00; -6.278400362110E+01; -6.175221455100E-03; -8.460518521660E-36; -6.276485870428E+01;  6.276485900806E+01
173;1.730014;80; -1.068530536766E+00; -1.889204799934E-32;  4.387065423534E+01;  4.388366507648E+01;  0.000000000000E+00;  0.000000000000E+00; -6.278400362110E+01; -1.068530536766E+00; -1.889204799934E-32; -1.891334938576E+01;  1.894350924448E+01
174;1.740022;80; -5.784793144610E-03; -8.402265930982E-36;  1.921429662726E-02;  2.006621605102E-02;  0.000000000000E+00;  0.000000000000E+00; -6.278400362110E+01; -5.784793144610E-03; -8.402265930982E-36; -6.276478932447E+01;  6.276478959106E+01
175;1.750012;80; -5.524819369565E-02; -1.191361115158E-33;  2.901547367894E+00;  2.902073309039E+00;  0.000000000000E+00;  0.000000000000E+00; -6.278400362110E+01; -5.524819369565E-02; -1.191361115158E-33; -5.988245625321E+01;  5.988248173949E+01
176;1.760022;80;  1.146301652515E+02;  1.041714122570E-32;  4.777321605344E+01;  1.241867744878E+02;  0.000000000000E+00;  0.000000000000E+00; -6.278400362110E+01;  1.146301652515E+02;  1.041714122570E-32; -1.501078756766E+01;  1.156088168307E+02
177;1.770015;80; -8.102889149344E+01; -4.718922320755E-32;  4.163893716691E+01;  9.110149474649E+01;  0.000000000000E+00;  0.000000000000E+00; -6.278400362110E+01; -8.102889149344E+01; -4.718922320755E-32; -2.114506645419E+01;  8.374243304327E+01
178;1.780026;80; -1.231568707316E+01; -1.474087184474E-31;  1.677939911812E+02;  1.682453554324E+02;  0.000000000000E+00;  0.000000000000E+00; -6.278400362110E+01; -1.231568707316E+01; -1.474087184474E-31;  1.050099875601E+02;  1.057297197360E+02
179;1.790025;80; -1.092112573459E+01; -2.616158301301E-32;  3.147246933389E+01;  3.331347044791E+01;  0.000000000000E+00;  0.000000000000E+00; -6.278400362110E+01; -1.092112573459E+01; -2.616158301301E-32; -3.131153428721E+01;  3.316147111830E+01
180;1.800001;80; -5.637244905495E+01; -4.638732602972E-32;  4.120694552968E+01;  6.982739700389E+01;  0.000000000000E+00;  0.000000000000E+00; -6.278400362110E+01; -5.637244905495E+01; -4.638732602972E-32; -2.157705809142E+01;  6.036076911648E+01
181;1.810013;80; -5.881824291136E+01; -4.476629453568E-31;  4.641991869002E+02;  4.679107509109E+02;  0.000000000000E+00;  0.000000000000E+00; -6.278400362110E+01; -5.881824291136E+01; -4.476629453568E-31;  4.014151832791E+02;  4.057015344637E+02
182;1.820020;80; -1.537951844483E+02; -2.432595304127E-31;  2.193452212355E+02;  2.678904343913E+02;  0.000000000000E+00;  0.000000000000E+00; -6.278400362110E+01; -1.537951844483E+02; -2.432595304127E-31;  1.565612176144E+02;  2.194638321464E+02
183;1.830015;80;  8.943941130722E+01; -2.529763819201E-31;  2.368376653617E+02;  2.531629673332E+02;  0.000000000000E+00;  0.000000000000E+00; -6.278400362110E+01;  8.943941130722E+01; -2.529763819201E-31;  1.740536617406E+02;  1.956887463813E+02
184;1.840008;80; -8.211357935985E+01; -4.246859383257E-31;  4.556989855364E+02;  4.630380171586E+02;  0.000000000000E+00;  0.000000000000E+00; -6.278400362110E+01; -8.211357935985E+01; -4.246859383257E-31;  3.929149819153E+02;  4.014035661635E+02
185;1.850012;80;  8.414814004644E+00; -7.679753127309E-32;  1.066310337459E+02;  1.069625469613E+02;  0.000000000000E+00;  0.000000000000E+00; -6.278400362110E+01;  8.414814004644E+00; -7.679753127309E-32;  4.384703012477E+01;  4.464718519118E+01
186;1.860020;80; -3.112168244825E+01; -5.378881793535E-31;  6.032281145815E+02;  6.040303943843E+02;  0.000000000000E+00;  0.000000000000E+00; -6.278400362110E+01; -3.112168244825E+01; -5.378881793535E-31;  5.404441109604E+02;  5.413394463645E+02
187;1.870028;80;  1.793662183191E+02; -1.119113986248E-31;  1.370481916345E+02;  2.257309174756E+02;  0.000000000000E+00;  0.000000000000E+00; -6.278400362110E+01;  1.793662183191E+02; -1.119113986248E-31;  7.426418801344E+01;  1.941324545134E+02
188;1.880018;80; -8.442744491212E+01; -3.688744368142E-32;  3.430484473563E+01;  9.113076224155E+01;  0.000000000000E+00;  0.000000000000E+00; -6.278400362110E+01; -8.442744491212E+01; -3.688744368142E-32; -2.847915888547E+01;  8.910138015325E+01
189;1.890002;80;  1.657174678399E+02; -2.347100783995E-31;  3.132339712088E+02;  3.543695808990E+02;  0.000000000000E+00;  0.000000000000E+00; -6.278400362110E+01;  1.657174678399E+02; -2.347100783995E-31;  2.504499675877E+02;  3.003122798221E+02
190;1.900011;80; -1.877128539997E+02; -1.122981581043E-30;  1.063553024213E+03;  1.079991273516E+03;  0.000000000000E+00;  0.000000000000E+00; -6.278400362110E+01; -1.877128539997E+02; -1.122981581043E-30;  1.000769020592E+03;  1.018221364996E+03
191;1.910015;80;  1.059393056231E+01; -2.232860717363E-31;  2.766257696066E+02;  2.768285530346E+02;  0.000000000000E+00;  0.000000000000E+00; -6.278400362110E+01;  1.059393056231E+01; -2.232860717363E-31;  2.138417659855E+02;  2.141040220187E+02
192;1.920002;80; -2.919578218062E+00; -7.013440057122E-31;  7.558162750336E+02;  7.558219139074E+02;  0.000000000000E+00;  0.000000000000E+00; -6.278400362110E+01; -2.919578218062E+00; -7.013440057122E-31;  6.930322714125E+02;  6.930384211255E+02
193;1.930024;80; -4.198180792143E+01; -2.438691773837E-31;  2.572974104121E+02;  2.606998841602E+02;  0.000000000000E+00;  0.000000000000E+00; -6.278400362110E+01; -4.198180792143E+01; -2.438691773837E-31;  1.945134067910E+02;  1.989923054236E+02
194;1.940006;80;  2.440729821651E+01; -9.519329915136E-32;  1.121791947242E+02;  1.148036930382E+02;  0.000000000000E+00;  0.000000000000E+00; -6.278400362110E+01;  2.440729821651E+01; -9.519329915136E-32;  4.939519110315E+01;  5.509628944263E+01
195;1.950003;80; -7.855091082725E+00; -7.663345084736E-32;  8.554419814265E+01;  8.590408774783E+01;  0.000000000000E+00;  0.000000000000E+00; -6.278400362110E+01; -7.855091082725E+00; -7.663345084736E-32;  2.276019452155E+01;  2.407756031197E+01
196;1.960001;80; -2.218649169664E+01; -1.734519188877E-31;  2.037773122069E+02;  2.049815440084E+02;  0.000000000000E+00;  0.000000000000E+00; -6.278400362110E+01; -2.218649169664E+01; -1.734519188877E-31;  1.409933085858E+02;  1.427282504614E+02
197;1.970002;80; -6.693185680326E+01; -5.510776085047E-32;  6.859608260387E+01;  9.583994993597E+01;  0.000000000000E+00;  0.000000000000E+00; -6.278400362110E+01; -6.693185680326E+01; -5.510776085047E-32;  5.812078982772E+00;  6.718373104580E+01
198;1.980005;80;  1.147299585924E+01; -4.165912254170E-32;  6.008452694169E+01;  6.117009082708E+01;  0.000000000000E+00;  0.000000000000E+00; -6.278400362110E+01;  1.147299585924E+01; -4.165912254170E-32; -2.699476679407E+00;  1.178629748177E+01
199;1.990031;80; -1.701779546552E+02; -6.176771046199E-31;  5.995363725206E+02;  6.232209866699E+02;  0.000000000000E+00;  0.000000000000E+00; -6.278400362110E+01; -1.701779546552E+02; -6.176771046199E-31;  5.367523688995E+02;  5.630840450322E+02
200;2.000007;80;  3.134751371895E+01; -1.088672781732E-31;  1.228956070974E+02;  1.268305832999E+02;  0.000000000000E+00;  0.000000000000E+00; -6.278400362110E+01;  3.134751371895E+01; -1.088672781732E-31;  6.011160347628E+01;  6.779433227674E+01
