block,step,time_s,com_x,num_particles
1,0,0.0,0.5,2340
2,0,0.0,1.0,2340
3,0,0.0,1.5,2340
4,0,0.0,2.0,2340
5,0,0.0,2.5,2340
6,0,0.0,3.0,2340
7,0,0.0,3.5,2340
8,0,0.0,4.0,2340
9,0,0.0,4.5,2340
10,0,0.0,5.0,2340
11,0,0.0,5.5,2340
12,0,0.0,6.0,2340
13,0,0.0,6.5,2340
14,0,0.0,7.0,2340
15,0,0.0,7.5,2340
16,0,0.0,8.0,2340
17,0,0.0,8.5,2340
18,0,0.0,9.0,2340
19,0,0.0,9.5,2340
20,0,0.0,10.0,2340
21,0,0.0,10.5,2340
22,0,0.0,11.0,2340
23,0,0.0,11.5,2340
24,0,0.0,12.0,2340
25,0,0.0,12.5,2340
26,0,0.0,13.0,2340
27,0,0.0,13.5,2340
28,0,0.0,14.0,2340
29,0,0.0,14.5,2340
30,0,0.0,15.0,2340
1,1,0.2,0.4970435661196581,2340
2,1,0.2,0.9991479426880341,2340
3,1,0.2,1.4981412823931624,2340
4,1,0.2,1.999455196111111,2340
5,1,0.2,2.5001747780769232,2340
6,1,0.2,3.001250722307692,2340
7,1,0.2,3.5025658017521373,2340
8,1,0.2,4.0038815260256415,2340
9,1,0.2,4.505351591495726,2340
10,1,0.2,5.006886477649573,2340
11,1,0.2,5.508478496068376,2340
12,1,0.2,6.01014038474359,2340
13,1,0.2,6.511851999487179,2340
14,1,0.2,7.013617496153846,2340
15,1,0.2,7.515437453675215,2340
16,1,0.2,8.017311532948717,2340
17,1,0.2,8.519251160555555,2340
18,1,0.2,9.021266230085471,2340
19,1,0.2,9.523394312051282,2340
20,1,0.2,10.025686533760682,2340
21,1,0.2,10.528324836324787,2340
22,1,0.2,11.031355482905983,2340
23,1,0.2,11.535812156837608,2340
24,1,0.2,12.041011738888889,2340
25,1,0.2,12.55159575042735,2340
26,1,0.2,13.063062997008545,2340
27,1,0.2,13.592095086752137,2340
28,1,0.2,14.120901145299145,2340
29,1,0.2,14.704344239316237,2340
30,1,0.2,15.272853345726496,2340
1,2,0.4,0.5030831955683761,2340
2,2,0.4,1.0070930762264958,2340
3,2,0.4,1.5118086379487181,2340
4,2,0.4,2.0180995232905983,2340
5,2,0.4,2.52449200008547,2340
6,2,0.4,3.032177038675214,2340
7,2,0.4,3.539820896752136,2340
8,2,0.4,4.048341053589744,2340
9,2,0.4,4.556966977948718,2340
10,2,0.4,5.066056283632478,2340
11,2,0.4,5.575414084743589,2340
12,2,0.4,6.085060074401709,2340
13,2,0.4,6.595057598290598,2340
14,2,0.4,7.105406202094017,2340
15,2,0.4,7.616255933290598,2340
16,2,0.4,8.127701426666665,2340
17,2,0.4,8.640035592564102,2340
18,2,0.4,9.153473019444444,2340
19,2,0.4,9.668543161752137,2340
20,2,0.4,10.185719587179488,2340
21,2,0.4,10.705789212393164,2340
22,2,0.4,11.229762179059827,2340
23,2,0.4,11.75877916068376,2340
24,2,0.4,12.294617526923076,2340
25,2,0.4,12.839380654273505,2340
26,2,0.4,13.39534855042735,2340
27,2,0.4,13.968021413675213,2340
28,2,0.4,14.557650956410257,2340
29,2,0.4,15.183928195299147,2340
30,2,0.4,15.830185886752137,2340
1,3,0.6000000000000001,0.507238285940171,2340
2,3,0.6000000000000001,1.0164667072393163,2340
3,3,0.6000000000000001,1.5269638516239317,2340
4,3,0.6000000000000001,2.041002846452991,2340
5,3,0.6000000000000001,2.555590560042735,2340
6,3,0.6000000000000001,3.072412080726496,2340
7,3,0.6000000000000001,3.5899315078205127,2340
8,3,0.6000000000000001,4.108924798205128,2340
9,3,0.6000000000000001,4.628781283846154,2340
10,3,0.6000000000000001,5.149829864615385,2340
11,3,0.6000000000000001,5.671876722521366,2340
12,3,0.6000000000000001,6.195181911880342,2340
13,3,0.6000000000000001,6.719717041282051,2340
14,3,0.6000000000000001,7.245866679059827,2340
15,3,0.6000000000000001,7.773694410170941,2340
16,3,0.6000000000000001,8.303780359102566,2340
17,3,0.6000000000000001,8.836312680897436,2340
18,3,0.6000000000000001,9.372085002606838,2340
19,3,0.6000000000000001,9.911497032905983,2340
20,3,0.6000000000000001,10.455560137179488,2340
21,3,0.6000000000000001,11.005039635042735,2340
22,3,0.6000000000000001,11.561132051709402,2340
23,3,0.6000000000000001,12.125300638034188,2340
24,3,0.6000000000000001,12.698776195726495,2340
25,3,0.6000000000000001,13.284480171794872,2340
26,3,0.6000000000000001,13.88316516752137,2340
27,3,0.6000000000000001,14.501015080341881,2340
28,3,0.6000000000000001,15.135940638888888,2340
29,3,0.6000000000000001,15.803344667094018,2340
30,3,0.6000000000000001,16.502007763675213,2340
1,4,0.8,0.5174517421538462,2340
2,4,0.8,1.0324909716196582,2340
3,4,0.8,1.554772638931624,2340
4,4,0.8,2.0803972844444445,2340
5,4,0.8,2.6092622167094017,2340
6,4,0.8,3.140985074700854,2340
7,4,0.8,3.674838079230769,2340
8,4,0.8,4.211243569230769,2340
9,4,0.8,4.74960290525641,2340
10,4,0.8,5.290445400726496,2340
11,4,0.8,5.833405307264958,2340
12,4,0.8,6.3790549792307685,2340
13,4,0.8,6.927251357478633,2340
14,4,0.8,7.47863006474359,2340
15,4,0.8,8.03327501991453,2340
16,4,0.8,8.591881528333333,2340
17,4,0.8,9.154825169358976,2340
18,4,0.8,9.722788425811965,2340
19,4,0.8,10.296642880299144,2340
20,4,0.8,10.876865898717949,2340
21,4,0.8,11.46522454059829,2340
22,4,0.8,12.06168030854701,2340
23,4,0.8,12.669459836752136,2340
24,4,0.8,13.287702373504276,2340
25,4,0.8,13.921691629487178,2340
26,4,0.8,14.568497672649572,2340
27,4,0.8,15.237805257692308,2340
28,4,0.8,15.915865774358975,2340
29,4,0.8,16.62517767051282,2340
30,4,0.8,17.391977202564103,2340
1,5,1.0,0.5287291426282051,2340
2,5,1.0,1.0518180474316239,2340
3,5,1.0,1.587611001923077,2340
4,5,1.0,2.1295025464529918,2340
5,5,1.0,2.676763586923077,2340
6,5,1.0,3.2286920946153845,2340
7,5,1.0,3.7843171900427355,2340
8,5,1.0,4.3440640160683754,2340
9,5,1.0,4.9073067751282045,2340
10,5,1.0,5.474514512735042,2340
11,5,1.0,6.045457557478632,2340
12,5,1.0,6.620578770213675,2340
13,5,1.0,7.200008914145298,2340
14,5,1.0,7.784156360726496,2340
15,5,1.0,8.373542796623932,2340
16,5,1.0,8.968480595299145,2340
17,5,1.0,9.570059996239316,2340
18,5,1.0,10.178349228846152,2340
19,5,1.0,10.79530341871795,2340
20,5,1.0,11.42045673888889,2340
21,5,1.0,12.05699148076923,2340
22,5,1.0,12.70343511880342,2340
23,5,1.0,13.364494053846155,2340
24,5,1.0,14.037412767948716,2340
25,5,1.0,14.727465786752136,2340
26,5,1.0,15.43280317692308,2340
27,5,1.0,16.155516534615384,2340
28,5,1.0,16.893415467948717,2340
29,5,1.0,17.64115360470085,2340
30,5,1.0,18.491912519230766,2340
1,6,1.2000000000000002,0.5446257246965811,2340
2,6,1.2000000000000002,1.0780570948290595,2340
3,6,1.2000000000000002,1.6298892104700853,2340
4,6,1.2000000000000002,2.1918429595299145,2340
5,6,1.2000000000000002,2.7629130575213674,2340
6,6,1.2000000000000002,3.340627817735043,2340
7,6,1.2000000000000002,3.9243749181196583,2340
8,6,1.2000000000000002,4.5140501249145295,2340
9,6,1.2000000000000002,5.109246764017094,2340
10,6,1.2000000000000002,5.7102201718803425,2340
11,6,1.2000000000000002,6.3168963718803415,2340
12,6,1.2000000000000002,6.929604468974358,2340
13,6,1.2000000000000002,7.548707230555555,2340
14,6,1.2000000000000002,8.174497594786326,2340
15,6,1.2000000000000002,8.807969497948717,2340
16,6,1.2000000000000002,9.449246655299145,2340
17,6,1.2000000000000002,10.100094118247863,2340
18,6,1.2000000000000002,10.760125104957265,2340
19,6,1.2000000000000002,11.43185282008547,2340
20,6,1.2000000000000002,12.114204174358974,2340
21,6,1.2000000000000002,12.811671580769232,2340
22,6,1.2000000000000002,13.519410972222222,2340
23,6,1.2000000000000002,14.246427977777778,2340
24,6,1.2000000000000002,14.990412095299146,2340
25,6,1.2000000000000002,15.745861762820514,2340
26,6,1.2000000000000002,16.522334194444444,2340
27,6,1.2000000000000002,17.310515837179487,2340
28,6,1.2000000000000002,18.120755684615386,2340
29,6,1.2000000000000002,18.90584811025641,2340
30,6,1.2000000000000002,19.871955581623933,2340
1,7,1.4000000000000001,0.5616662799444444,2340
2,7,1.4000000000000001,1.1082014886709401,2340
3,7,1.4000000000000001,1.6767770276068377,2340
4,7,1.4000000000000001,2.259747317948718,2340
5,7,1.4000000000000001,2.8569405125213674,2340
6,7,1.4000000000000001,3.464215963333333,2340
7,7,1.4000000000000001,4.080496661581196,2340
8,7,1.4000000000000001,4.705256113803419,2340
9,7,1.4000000000000001,5.338133111581197,2340
10,7,1.4000000000000001,5.979212735982906,2340
11,7,1.4000000000000001,6.62851394465812,2340
12,7,1.4000000000000001,7.286292029059829,2340
13,7,1.4000000000000001,7.953121529615386,2340
14,7,1.4000000000000001,8.629222903119658,2340
15,7,1.4000000000000001,9.31582807482906,2340
16,7,1.4000000000000001,10.012486866581197,2340
17,7,1.4000000000000001,10.722061482564103,2340
18,7,1.4000000000000001,11.445138857094017,2340
19,7,1.4000000000000001,12.182900228846155,2340
20,7,1.4000000000000001,12.935473090170941,2340
21,7,1.4000000000000001,13.704507913675213,2340
22,7,1.4000000000000001,14.487056745299146,2340
23,7,1.4000000000000001,15.29536328076923,2340
24,7,1.4000000000000001,16.129520508119658,2340
25,7,1.4000000000000001,16.96860398205128,2340
26,7,1.4000000000000001,17.827019064529914,2340
27,7,1.4000000000000001,18.687037167521368,2340
28,7,1.4000000000000001,19.57217405128205,2340
29,7,1.4000000000000001,20.408423735042735,2340
30,7,1.4000000000000001,21.507245699145297,2340
1,8,1.6,0.5821773197094017,2340
2,8,1.6,1.1428087446965811,2340
3,8,1.6,1.7305470770085472,2340
4,8,1.6,2.3363898488034187,2340
5,8,1.6,2.961954940042735,2340
6,8,1.6,3.6013006317094023,2340
7,8,1.6,4.255119863675213,2340
8,8,1.6,4.920738868974359,2340
9,8,1.6,5.598064906196582,2340
10,8,1.6,6.28636141440171,2340
11,8,1.6,6.985811875213676,2340
12,8,1.6,7.6963491913675215,2340
13,8,1.6,8.41895038611111,2340
14,8,1.6,9.153942048461538,2340
15,8,1.6,9.90228343017094,2340
16,8,1.6,10.66586683320513,2340
17,8,1.6,11.44598217846154,2340
18,8,1.6,12.245679790256409,2340
19,8,1.6,13.065508047692308,2340
20,8,1.6,13.904949130726495,2340
21,8,1.6,14.765068289316241,2340
22,8,1.6,15.643994993162393,2340
23,8,1.6,16.550515689316242,2340
24,8,1.6,17.492631063675216,2340
25,8,1.6,18.43891139017094,2340
26,8,1.6,19.381548518803417,2340
27,8,1.6,20.325481,2340
28,8,1.6,21.285647477777776,2340
29,8,1.6,22.177202403846152,2340
30,8,1.6,23.43497206025641,2340
1,9,1.8,0.6044277746282052,2340
2,9,1.8,1.1789952332350426,2340
3,9,1.8,1.7865865335470086,2340
4,9,1.8,2.417511540213675,2340
5,9,1.8,3.0744525115384618,2340
6,9,1.8,3.7476528050000004,2340
7,9,1.8,4.441931632136752,2340
8,9,1.8,5.150800953974358,2340
9,9,1.8,5.875605427136753,2340
10,9,1.8,6.61411074517094,2340
11,9,1.8,7.3677454748717945,2340
12,9,1.8,8.136896350299146,2340
13,9,1.8,8.923692428504273,2340
14,9,1.8,9.725672493162394,2340
15,9,1.8,10.545795572307693,2340
16,9,1.8,11.388015039572648,2340
17,9,1.8,12.252188690811966,2340
18,9,1.8,13.140387616495726,2340
19,9,1.8,14.060142303888888,2340
20,9,1.8,14.998931976153848,2340
21,9,1.8,15.975336307264959,2340
22,9,1.8,16.968414,2340
23,9,1.8,17.98772398974359,2340
24,9,1.8,19.04826373717949,2340
25,9,1.8,20.124334069658126,2340
26,9,1.8,21.142363774786325,2340
27,9,1.8,22.175607623931622,2340
28,9,1.8,23.208754892735044,2340
29,9,1.8,24.166558324358974,2340
30,9,1.8,25.60622015042735,2340
1,10,2.0,0.62729283058547,2340
2,10,2.0,1.2175229537350427,2340
3,10,2.0,1.8479255052991452,2340
4,10,2.0,2.507493579102564,2340
5,10,2.0,3.1980180014529918,2340
6,10,2.0,3.907558048205128,2340
7,10,2.0,4.642940407008547,2340
8,10,2.0,5.3961512977350425,2340
9,10,2.0,6.170108398247864,2340
10,10,2.0,6.961542171239317,2340
11,10,2.0,7.774349597478633,2340
12,10,2.0,8.6090136841453,2340
13,10,2.0,9.467669149700855,2340
14,10,2.0,10.344973299914528,2340
15,10,2.0,11.248392377393163,2340
16,10,2.0,12.179413438974358,2340
17,10,2.0,13.138819245128206,2340
18,10,2.0,14.132058407307692,2340
19,10,2.0,15.169859349615383,2340
20,10,2.0,16.22131286645299,2340
21,10,2.0,17.332035149572647,2340
22,10,2.0,18.45152493247863,2340
23,10,2.0,19.608587672649573,2340
24,10,2.0,20.796232293589743,2340
25,10,2.0,22.006470935897436,2340
26,10,2.0,23.08651389059829,2340
27,10,2.0,24.20522554786325,2340
28,10,2.0,25.305527588461537,2340
29,10,2.0,26.34199227136752,2340
30,10,2.0,27.992347497435897,2340
1,11,2.2,0.6479857109871795,2340
2,11,2.2,1.2573121128162392,2340
3,11,2.2,1.9146895636324788,2340
4,11,2.2,2.6062367729487184,2340
5,11,2.2,3.3292497282478632,2340
6,11,2.2,4.074372868675214,2340
7,11,2.2,4.84991377923077,2340
8,11,2.2,5.648343237564102,2340
9,11,2.2,6.472183061495726,2340
10,11,2.2,7.319501912606839,2340
11,11,2.2,8.19512566337607,2340
12,11,2.2,9.098196526880342,2340
13,11,2.2,10.033532635641025,2340
14,11,2.2,10.992652117948719,2340
15,11,2.2,11.985689097264958,2340
16,11,2.2,13.014039850213674,2340
17,11,2.2,14.08196988688034,2340
18,11,2.2,15.192072888803416,2340
19,11,2.2,16.358813015427348,2340
20,11,2.2,17.533722974188034,2340
21,11,2.2,18.80022688803419,2340
22,11,2.2,20.060479061111113,2340
23,11,2.2,21.356559202991452,2340
24,11,2.2,22.666794866239314,2340
25,11,2.2,23.994495507264958,2340
26,11,2.2,25.105763898290597,2340
27,11,2.2,26.284069749572645,2340
28,11,2.2,27.424072934188036,2340
29,11,2.2,28.508192973931628,2340
30,11,2.2,30.277886944396922,2338
1,12,2.4000000000000004,0.6698648468205128,2340
2,12,2.4000000000000004,1.302846846153846,2340
3,12,2.4000000000000004,1.9868887528632477,2340
4,12,2.4000000000000004,2.711135164273504,2340
5,12,2.4000000000000004,3.4652466809829057,2340
6,12,2.4000000000000004,4.245879433076923,2340
7,12,2.4000000000000004,5.06213726888889,2340
8,12,2.4000000000000004,5.90698984440171,2340
9,12,2.4000000000000004,6.7823840375641025,2340
10,12,2.4000000000000004,7.687866260897437,2340
11,12,2.4000000000000004,8.627652092521368,2340
12,12,2.4000000000000004,9.60244100491453,2340
13,12,2.4000000000000004,10.616548082735044,2340
14,12,2.4000000000000004,11.662067736068376,2340
15,12,2.4000000000000004,12.749961712606838,2340
16,12,2.4000000000000004,13.88466123491453,2340
17,12,2.4000000000000004,15.067002451239315,2340
18,12,2.4000000000000004,16.300287412820513,2340
19,12,2.4000000000000004,17.604184999444445,2340
20,12,2.4000000000000004,18.907059541410256,2340
21,12,2.4000000000000004,20.328826854700857,2340
22,12,2.4000000000000004,21.713245274358975,2340
23,12,2.4000000000000004,23.12825984957265,2340
24,12,2.4000000000000004,24.519898583760686,2340
25,12,2.4000000000000004,25.908483297008548,2340
26,12,2.4000000000000004,27.01634824059829,2340
27,12,2.4000000000000004,28.195055221367525,2340
28,12,2.4000000000000004,29.298468176495728,2340
29,12,2.4000000000000004,30.275451066666665,2340
30,12,2.4000000000000004,31.973332746364413,2338
1,13,2.6,0.6947449993589744,2340
2,13,2.6,1.3557929380940172,2340
3,13,2.6,2.066831782094017,2340
4,13,2.6,2.8208377672649574,2340
5,13,2.6,3.607739158076923,2340
6,13,2.6,4.425381851880342,2340
7,13,2.6,5.285270567905983,2340
8,13,2.6,6.179819054188034,2340
9,13,2.6,7.1102624701282044,2340
10,13,2.6,8.076731323290598,2340
11,13,2.6,9.083549094017094,2340
12,13,2.6,10.13240076602564,2340
13,13,2.6,11.227342092991453,2340
14,13,2.6,12.362551230384614,2340
15,13,2.6,13.550287893376067,2340
16,13,2.6,14.793969420512822,2340
17,13,2.6,16.090160685299146,2340
18,13,2.6,17.45026105726496,2340
19,13,2.6,18.89090771200855,2340
20,13,2.6,20.307124827649574,2340
21,13,2.6,21.866994870512823,2340
22,13,2.6,23.344830779059826,2340
23,13,2.6,24.832730367948717,2340
24,13,2.6,26.258241593162392,2340
25,13,2.6,27.651936885042737,2340
26,13,2.6,28.71454754145299,2340
27,13,2.6,29.83759256837607,2340
28,13,2.6,30.84469394871795,2340
29,13,2.6,31.683050012820512,2340
30,13,2.6,33.289295147134304,2338
1,14,2.8000000000000003,0.7190626839529914,2340
2,14,2.8000000000000003,1.4118412802863247,2340
3,14,2.8000000000000003,2.151028423760684,2340
4,14,2.8000000000000003,2.9316316964102564,2340
5,14,2.8000000000000003,3.7507594152136754,2340
6,14,2.8000000000000003,4.606438837222222,2340
7,14,2.8000000000000003,5.510692832478633,2340
8,14,2.8000000000000003,6.4554290222649575,2340
9,14,2.8000000000000003,7.441755461495728,2340
10,14,2.8000000000000003,8.469831285341881,2340
11,14,2.8000000000000003,9.544928372692308,2340
12,14,2.8000000000000003,10.667735005982905,2340
13,14,2.8000000000000003,11.844706747649573,2340
14,14,2.8000000000000003,13.073844963675214,2340
15,14,2.8000000000000003,14.363497062264955,2340
16,14,2.8000000000000003,15.714551322008548,2340
17,14,2.8000000000000003,17.12513040059829,2340
18,14,2.8000000000000003,18.607794730683757,2340
19,14,2.8000000000000003,20.17420631491453,2340
20,14,2.8000000000000003,21.686723015170944,2340
21,14,2.8000000000000003,23.355860855982904,2340
22,14,2.8000000000000003,24.89623809017094,2340
23,14,2.8000000000000003,26.417941684615382,2340
24,14,2.8000000000000003,27.838518642735046,2340
25,14,2.8000000000000003,29.2062408957265,2340
26,14,2.8000000000000003,30.20439830128205,2340
27,14,2.8000000000000003,31.24960221282051,2340
28,14,2.8000000000000003,32.12316611623931,2340
29,14,2.8000000000000003,32.79419901538461,2340
30,14,2.8000000000000003,34.276083683490164,2338
1,15,3.0,0.7465930417735044,2340
2,15,3.0,1.470371586448718,2340
3,15,3.0,2.238517197905983,2340
4,15,3.0,3.0478293654273503,2340
5,15,3.0,3.9038597214102566,2340
6,15,3.0,4.800710993076923,2340
7,15,3.0,5.750882968247863,2340
8,15,3.0,6.746782313504275,2340
9,15,3.0,7.789064526752138,2340
10,15,3.0,8.879493721068377,2340
11,15,3.0,10.023055271111112,2340
12,15,3.0,11.21906043542735,2340
13,15,3.0,12.479192857008547,2340
14,15,3.0,13.80358457042735,2340
15,15,3.0,15.192173046367522,2340
16,15,3.0,16.650598184145302,2340
17,15,3.0,18.17237597777778,2340
18,15,3.0,19.767320311837604,2340
19,15,3.0,21.43976194863248,2340
20,15,3.0,23.027396869871794,2340
21,15,3.0,24.77439310769231,2340
22,15,3.0,26.347366464102567,2340
23,15,3.0,27.87332036410256,2340
24,15,3.0,29.26812591923077,2340
25,15,3.0,30.59512872008547,2340
26,15,3.0,31.514203711538453,2340
27,15,3.0,32.44571251794872,2340
28,15,3.0,33.18460604444444,2340
29,15,3.0,33.68087743034188,2340
30,15,3.0,35.039254428571425,2338
1,16,3.2,0.7738820307350428,2340
2,16,3.2,1.528265175311966,2340
3,16,3.2,2.328988704871795,2340
4,16,3.2,3.171577424059829,2340
5,16,3.2,4.06702340491453,2340
6,16,3.2,5.0079424628205125,2340
7,16,3.2,6.006376446282051,2340
8,16,3.2,7.055424545299146,2340
9,16,3.2,8.154609684230769,2340
10,16,3.2,9.307823236324786,2340
11,16,3.2,10.518856167606838,2340
12,16,3.2,11.787965405,2340
13,16,3.2,13.131399766282051,2340
14,16,3.2,14.549716642393165,2340
15,16,3.2,16.032139341410254,2340
16,16,3.2,17.593685847606835,2340
17,16,3.2,19.21586132465812,2340
18,16,3.2,20.906221179358973,2340
19,16,3.2,22.663424212777777,2340
20,16,3.2,24.30279602188034,2340
21,16,3.2,26.092612191880345,2340
22,16,3.2,27.673445752136754,2340
23,16,3.2,29.187137655128208,2340
24,16,3.2,30.546937942307693,2340
25,16,3.2,31.82440018247863,2340
26,16,3.2,32.640596074358974,2340
27,16,3.2,33.450110199572656,2340
28,16,3.2,34.060075023931624,2340
29,16,3.2,34.39744455897436,2340
30,16,3.2,35.63675651325919,2338
1,17,3.4000000000000004,0.7987385913931624,2340
2,17,3.4000000000000004,1.5865264020470087,2340
3,17,3.4000000000000004,2.424541956794872,2340
4,17,3.4000000000000004,3.3032454551282053,2340
5,17,3.4000000000000004,4.23896635111111,2340
6,17,3.4000000000000004,5.226736485726495,2340
7,17,3.4000000000000004,6.275474600256411,2340
8,17,3.4000000000000004,7.378876934017095,2340
9,17,3.4000000000000004,8.535977557222221,2340
10,17,3.4000000000000004,9.751541774358975,2340
11,17,3.4000000000000004,11.02903039957265,2340
12,17,3.4000000000000004,12.371495769145298,2340
13,17,3.4000000000000004,13.796735058205128,2340
14,17,3.4000000000000004,15.303961480427352,2340
15,17,3.4000000000000004,16.873062904700856,2340
16,17,3.4000000000000004,18.52764692739316,2340
17,17,3.4000000000000004,20.236300157606834,2340
18,17,3.4000000000000004,22.00089252649573,2340
19,17,3.4000000000000004,23.820375808589745,2340
20,17,3.4000000000000004,25.48736152354701,2340
21,17,3.4000000000000004,27.29588349102564,2340
22,17,3.4000000000000004,28.87104253931624,2340
23,17,3.4000000000000004,30.368498325213675,2340
24,17,3.4000000000000004,31.69411735427351,2340
25,17,3.4000000000000004,32.90630501282051,2340
26,17,3.4000000000000004,33.60894367564103,2340
27,17,3.4000000000000004,34.302776482051286,2340
28,17,3.4000000000000004,34.796899524786326,2340
29,17,3.4000000000000004,34.98322669572649,2340
30,17,3.4000000000000004,36.11311972284003,2338
1,18,3.6,0.8219111076581196,2340
2,18,3.6,1.6467024359273505,2340
3,18,3.6,2.523989219017094,2340
4,18,3.6,3.4407644333760685,2340
5,18,3.6,4.418788840897436,2340
6,18,3.6,5.455296486880341,2340
7,18,3.6,6.555114353162393,2340
8,18,3.6,7.714388036282051,2340
9,18,3.6,8.92967937559829,2340
10,18,3.6,10.20660273119658,2340
11,18,3.6,11.549177937991454,2340
12,18,3.6,12.96458847320513,2340
13,18,3.6,14.467466892820514,2340
14,18,3.6,16.05720006102564,2340
15,18,3.6,17.704563729957265,2340
16,18,3.6,19.439943273162392,2340
17,18,3.6,21.216413608205126,2340
18,18,3.6,23.035044655299146,2340
19,18,3.6,24.89379018162393,2340
20,18,3.6,26.569089118418805,2340
21,18,3.6,28.383472884188038,2340
22,18,3.6,29.949968201709407,2340
23,18,3.6,31.43272028205128,2340
24,18,3.6,32.721838471367526,2340
25,18,3.6,33.859453522649574,2340
26,18,3.6,34.45840154615385,2340
27,18,3.6,35.0565975974359,2340
28,18,3.6,35.44709167521368,2340
29,18,3.6,35.48107782435897,2340
30,18,3.6,36.509555846022245,2338
1,19,3.8000000000000003,0.847510274337607,2340
2,19,3.8000000000000003,1.7131183110982906,2340
3,19,3.8000000000000003,2.629438211068376,2340
4,19,3.8000000000000003,3.5849909426923077,2340
5,19,3.8000000000000003,4.608312771837607,2340
6,19,3.8000000000000003,5.6951824596581195,2340
7,19,3.8000000000000003,6.848022470683761,2340
8,19,3.8000000000000003,8.063679137649574,2340
9,19,3.8000000000000003,9.336760724572647,2340
10,19,3.8000000000000003,10.674246198931623,2340
11,19,3.8000000000000003,12.081029060085468,2340
12,19,3.8000000000000003,13.565980186153848,2340
13,19,3.8000000000000003,15.140969718461537,2340
14,19,3.8000000000000003,16.80447231576923,2340
15,19,3.8000000000000003,18.520515459829056,2340
16,19,3.8000000000000003,20.321664575726494,2340
17,19,3.8000000000000003,22.14755449850427,2340
18,19,3.8000000000000003,24.0013179682906,2340
19,19,3.8000000000000003,25.879240229401713,2340
20,19,3.8000000000000003,27.55177394542735,2340
21,19,3.8000000000000003,29.36835619444444,2340
22,19,3.8000000000000003,30.93184147820513,2340
23,19,3.8000000000000003,32.399596887179484,2340
24,19,3.8000000000000003,33.64950809273505,2340
25,19,3.8000000000000003,34.7144098440171,2340
26,19,3.8000000000000003,35.22847744358974,2340
27,19,3.8000000000000003,35.760798588034184,2340
28,19,3.8000000000000003,36.040589507264954,2340
29,19,3.8000000000000003,35.92948587649573,2340
30,19,3.8000000000000003,36.86586610521813,2338
1,20,4.0,0.8756065975470086,2340
2,20,4.0,1.7846127459145298,2340
3,20,4.0,2.7405480745299142,2340
4,20,4.0,3.7350454381623934,2340
5,20,4.0,4.804263770598291,2340
6,20,4.0,5.941945472222223,2340
7,20,4.0,7.148739088290599,2340
8,20,4.0,8.41976075534188,2340
9,20,4.0,9.749286026965812,2340
10,20,4.0,11.145960077521368,2340
11,20,4.0,12.614087773119657,2340
12,20,4.0,14.162650122222225,2340
13,20,4.0,15.802940005940172,2340
14,20,4.0,17.530271984572654,2340
15,20,4.0,19.30259047764957,2340
16,20,4.0,21.151611620897437,2340
17,20,4.0,23.0092493574359,2340
18,20,4.0,24.880504344358975,2340
19,20,4.0,26.762331890982907,2340
20,20,4.0,28.42529107867521,2340
21,20,4.0,30.247640606837606,2340
22,20,4.0,31.8141901491453,2340
23,20,4.0,33.26887616282051,2340
24,20,4.0,34.48517984017094,2340
25,20,4.0,35.49063756495727,2340
26,20,4.0,35.94826181880342,2340
27,20,4.0,36.43324408418803,2340
28,20,4.0,36.59608236837607,2340
29,20,4.0,36.34670927564103,2340
30,20,4.0,37.19901368605645,2338
1,21,4.2,0.9056525732735043,2340
2,21,4.2,1.8593423594957263,2340
3,21,4.2,2.8577675456410256,2340
4,21,4.2,3.892162233076923,2340
5,21,4.2,5.007237538162394,2340
6,21,4.2,6.195733387008548,2340
7,21,4.2,7.45600164965812,2340
8,21,4.2,8.780856057264957,2340
9,21,4.2,10.165003106452993,2340
10,21,4.2,11.618474964316238,2340
11,21,4.2,13.14338809247863,2340
12,21,4.2,14.748817678418803,2340
13,21,4.2,16.446412385512822,2340
14,21,4.2,18.226923867008548,2340
15,21,4.2,20.041527957478635,2340
16,21,4.2,21.92273237440171,2340
17,21,4.2,23.79705165837607,2340
18,21,4.2,25.673216856452992,2340
19,21,4.2,27.549720904059832,2340
20,21,4.2,29.200536414700856,2340
21,21,4.2,31.030757226495723,2340
22,21,4.2,32.607601810256405,2340
23,21,4.2,34.055554909829056,2340
24,21,4.2,35.25628032350428,2340
25,21,4.2,36.22753725341881,2340
26,21,4.2,36.652521247435885,2340
27,21,4.2,37.086232517948716,2340
28,21,4.2,37.13103537692309,2340
29,21,4.2,36.749562049145304,2340
30,21,4.2,37.52340458597091,2338
1,22,4.4,0.9352678952948719,2340
2,22,4.4,1.9354945885042736,2340
3,22,4.4,2.979111522606837,2340
4,22,4.4,4.053537343418803,2340
5,22,4.4,5.214131944230768,2340
6,22,4.4,6.4522936670940165,2340
7,22,4.4,7.76417778508547,2340
8,22,4.4,9.140354801324786,2340
9,22,4.4,10.576208052692307,2340
10,22,4.4,12.08261418897436,2340
11,22,4.4,13.65824821931624,2340
12,22,4.4,15.31322318363248,2340
13,22,4.4,17.05882673264957,2340
14,22,4.4,18.881088717179487,2340
15,22,4.4,20.726314561025642,2340
16,22,4.4,22.628309515470086,2340
17,22,4.4,24.50974261474359,2340
18,22,4.4,26.38506433777778,2340
19,22,4.4,28.25246218213675,2340
20,22,4.4,29.891311304188033,2340
21,22,4.4,31.73064746880342,2340
22,22,4.4,33.3238163068376,2340
23,22,4.4,34.77937237606838,2340
24,22,4.4,35.983427112820515,2340
25,22,4.4,36.93952687008547,2340
26,22,4.4,37.33079786538462,2340
27,22,4.4,37.717430332905984,2340
28,22,4.4,37.651756560683765,2340
29,22,4.4,37.14549846025641,2340
30,22,4.4,37.845784951240375,2338
1,23,4.6000000000000005,0.9634654216239315,2340
2,23,4.6000000000000005,2.012891352371795,2340
3,23,4.6000000000000005,3.103459915982906,2340
4,23,4.6000000000000005,4.21883943076923,2340
5,23,4.6000000000000005,5.42495659,2340
6,23,4.6000000000000005,6.7114420979487175,2340
7,23,4.6000000000000005,8.072746797051282,2340
8,23,4.6000000000000005,9.497376160726496,2340
9,23,4.6000000000000005,10.98131501628205,2340
10,23,4.6000000000000005,12.535662085085471,2340
11,23,4.6000000000000005,14.155398674017093,2340
12,23,4.6000000000000005,15.852121032905982,2340
13,23,4.6000000000000005,17.636206805427353,2340
14,23,4.6000000000000005,19.489411595213678,2340
15,23,4.6000000000000005,21.356090518931627,2340
16,23,4.6000000000000005,23.270764684444444,2340
17,23,4.6000000000000005,25.154786315042735,2340
18,23,4.6000000000000005,27.027427457478634,2340
19,23,4.6000000000000005,28.886486454700854,2340
20,23,4.6000000000000005,30.516488856709408,2340
21,23,4.6000000000000005,32.367287261965814,2340
22,23,4.6000000000000005,33.98537980128206,2340
23,23,4.6000000000000005,35.46676548418803,2340
24,23,4.6000000000000005,36.685411688034186,2340
25,23,4.6000000000000005,37.63534588547009,2340
26,23,4.6000000000000005,37.99437016495726,2340
27,23,4.6000000000000005,38.339724399572646,2340
28,23,4.6000000000000005,38.16787193632479,2340
29,23,4.6000000000000005,37.5408116465812,2340
30,23,4.6000000000000005,38.169847177502135,2338
1,24,4.800000000000001,0.9900584022991453,2340
2,24,4.800000000000001,2.090410612726496,2340
3,24,4.800000000000001,3.2288914368376065,2340
4,24,4.800000000000001,4.386352227905983,2340
5,24,4.800000000000001,5.637432800641026,2340
6,24,4.800000000000001,6.970439753333332,2340
7,24,4.800000000000001,8.378316880085471,2340
8,24,4.800000000000001,9.847689637222222,2340
9,24,4.800000000000001,11.375043609358974,2340
10,24,4.800000000000001,12.971137599871795,2340
11,24,4.800000000000001,14.62766246525641,2340
12,24,4.800000000000001,16.357725806666668,2340
13,24,4.800000000000001,18.17093037042735,2340
14,24,4.800000000000001,20.045640400299142,2340
15,24,4.800000000000001,21.925985717735042,2340
16,24,4.800000000000001,23.847946705213676,2340
17,24,4.800000000000001,25.73321283059829,2340
18,24,4.800000000000001,27.60484552923077,2340
19,24,4.800000000000001,29.460240334444446,2340
20,24,4.800000000000001,31.087693136153842,2340
21,24,4.800000000000001,32.954021118803425,2340
22,24,4.800000000000001,34.610519138034185,2340
23,24,4.800000000000001,36.12961077735043,2340
24,24,4.800000000000001,37.371511587179484,2340
25,24,4.800000000000001,38.32236024615384,2340
26,24,4.800000000000001,38.655793089316234,2340
27,24,4.800000000000001,38.96362382564102,2340
28,24,4.800000000000001,38.6853079034188,2340
29,24,4.800000000000001,37.93790512820513,2340
30,24,4.800000000000001,38.49691550940975,2338
1,25,5.0,1.0157711895299146,2340
2,25,5.0,2.166219758371795,2340
3,25,5.0,3.352550737948718,2340
4,25,5.0,4.551860010213675,2340
5,25,5.0,5.846023421666667,2340
6,25,5.0,7.222724520897436,2340
7,25,5.0,8.673226820042736,2340
8,25,5.0,10.182452196282052,2340
9,25,5.0,11.747032646025641,2340
10,25,5.0,13.37769109059829,2340
11,25,5.0,15.06294849299145,2340
12,25,5.0,16.817629974273505,2340
13,25,5.0,18.651198558205127,2340
14,25,5.0,20.539551865170942,2340
15,25,5.0,22.427585967264957,2340
16,25,5.0,24.354520385940173,2340
17,25,5.0,26.2422456567094,2340
18,25,5.0,28.117637362606843,2340
19,25,5.0,29.97705929807692,2340
20,25,5.0,31.60996998888889,2340
21,25,5.0,33.497770985042735,2340
22,25,5.0,35.2060065940171,2340
23,25,5.0,36.772960319658125,2340
24,25,5.0,38.044806704273505,2340
25,25,5.0,39.00433744487179,2340
26,25,5.0,39.32008073632478,2340
27,25,5.0,39.59322256153846,2340
28,25,5.0,39.203904036752135,2340
29,25,5.0,38.33306276324786,2340
30,25,5.0,38.824966800684344,2338
1,26,5.2,1.0402642675982905,2340
2,26,5.2,2.2401424437179487,2340
3,26,5.2,3.4730876247008546,2340
4,26,5.2,4.712825426880341,2340
5,26,5.2,6.047163298247863,2340
6,26,5.2,7.464106204658121,2340
7,26,5.2,8.952655686623931,2340
8,26,5.2,10.496490569102564,2340
9,26,5.2,12.091719833418802,2340
10,26,5.2,13.749858197521368,2340
11,26,5.2,15.456122615811966,2340
12,26,5.2,17.227762686794872,2340
13,26,5.2,19.07445295696581,2340
14,26,5.2,20.971019366410257,2340
15,26,5.2,22.86343177482906,2340
16,26,5.2,24.79572716888889,2340
17,26,5.2,26.68901906440171,2340
18,26,5.2,28.574584562307695,2340
19,26,5.2,30.44714842555556,2340
20,26,5.2,32.094310132051284,2340
21,26,5.2,34.01160759401709,2340
22,26,5.2,35.78221105042735,2340
23,26,5.2,37.40200982692308,2340
24,26,5.2,38.71103775555555,2340
25,26,5.2,39.686019944444446,2340
26,26,5.2,39.99084029145299,2340
27,26,5.2,40.236288531623934,2340
28,26,5.2,39.72773841410256,2340
29,26,5.2,38.72604131794872,2340
30,26,5.2,39.152656854576556,2338
1,27,5.4,1.0639088485555555,2340
2,27,5.4,2.3121795034999995,2340
3,27,5.4,3.590384574871795,2340
4,27,5.4,4.868469237393162,2340
5,27,5.4,6.239844549145299,2340
6,27,5.4,7.6934494490598295,2340
7,27,5.4,9.215468464957265,2340
8,27,5.4,10.788667277606836,2340
9,27,5.4,12.408500016581197,2340
10,27,5.4,14.08752582303419,2340
11,27,5.4,15.808123996880342,2340
12,27,5.4,17.590688386880345,2340
13,27,5.4,19.445153948846155,2340
14,27,5.4,21.346532248846152,2340
15,27,5.4,23.242165338247865,2340
16,27,5.4,25.18141287235043,2340
17,27,5.4,27.08429187705128,2340
18,27,5.4,28.987406850170938,2340
19,27,5.4,30.884267532564103,2340
20,27,5.4,32.55755616106838,2340
21,27,5.4,34.51136506538462,2340
22,27,5.4,36.344253891025645,2340
23,27,5.4,38.015142609401714,2340
24,27,5.4,39.36519056709402,2340
25,27,5.4,40.36250976367521,2340
26,27,5.4,40.66313047735043,2340
27,27,5.4,40.89774845299145,2340
28,27,5.4,40.26580149188034,2340
29,27,5.4,39.117561750854705,2340
30,27,5.4,39.4780973609923,2338
1,28,5.6000000000000005,1.0860738258675213,2340
2,28,5.6000000000000005,2.3799490676794877,2340
3,28,5.6000000000000005,3.7007769328205127,2340
4,28,5.6000000000000005,5.013651263034188,2340
5,28,5.6000000000000005,6.418010046196581,2340
6,28,5.6000000000000005,7.903586942948717,2340
7,28,5.6000000000000005,9.453752272094018,2340
8,28,5.6000000000000005,11.050519813418804,2340
9,28,5.6000000000000005,12.688908065811965,2340
10,28,5.6000000000000005,14.382464084102564,2340
11,28,5.6000000000000005,16.111573197521366,2340
12,28,5.6000000000000005,17.90011569790598,2340
13,28,5.6000000000000005,19.75836078316239,2340
14,28,5.6000000000000005,21.662113553589744,2340
15,28,5.6000000000000005,23.56051129042735,2340
16,28,5.6000000000000005,25.50792569239316,2340
17,28,5.6000000000000005,27.42376123286325,2340
18,28,5.6000000000000005,29.35068980008548,2340
19,28,5.6000000000000005,31.281995702777774,2340
20,28,5.6000000000000005,32.993738289529915,2340
21,28,5.6000000000000005,34.99267602863248,2340
22,28,5.6000000000000005,36.887678344444446,2340
23,28,5.6000000000000005,38.60748516111111,2340
24,28,5.6000000000000005,39.99517954017094,2340
25,28,5.6000000000000005,41.015854648717955,2340
26,28,5.6000000000000005,41.32143394957265,2340
27,28,5.6000000000000005,41.558532267094016,2340
28,28,5.6000000000000005,40.81306914871795,2340
29,28,5.6000000000000005,39.49803029401709,2340
30,28,5.6000000000000005,39.79046962574851,2338
1,29,5.800000000000001,1.1069618515854702,2340
2,29,5.800000000000001,2.4432874620042733,2340
3,29,5.800000000000001,3.803437813247864,2340
4,29,5.800000000000001,5.147674336324786,2340
5,29,5.800000000000001,6.581159852307692,2340
6,29,5.800000000000001,8.0941611808547,2340
7,29,5.800000000000001,9.667491114743589,2340
8,29,5.800000000000001,11.282711365170941,2340
9,29,5.800000000000001,12.934416400341881,2340
10,29,5.800000000000001,14.637205740170941,2340
11,29,5.800000000000001,16.37025149354701,2340
12,29,5.800000000000001,18.160974283376067,2340
13,29,5.800000000000001,20.01999774346154,2340
14,29,5.800000000000001,21.924139775512817,2340
15,29,5.800000000000001,23.824465811495728,2340
16,29,5.800000000000001,25.779925641880343,2340
17,29,5.800000000000001,27.71018348662393,2340
18,29,5.800000000000001,29.664553236837605,2340
19,29,5.800000000000001,31.63757236867521,2340
20,29,5.800000000000001,33.39838364568376,2340
21,29,5.800000000000001,35.451554402564106,2340
22,29,5.800000000000001,37.41572315128205,2340
23,29,5.800000000000001,39.1921253474359,2340
24,29,5.800000000000001,40.62015006324786,2340
25,29,5.800000000000001,41.66453725470085,2340
26,29,5.800000000000001,41.98583630299145,2340
27,29,5.800000000000001,42.2318698,2340
28,29,5.800000000000001,41.3830061034188,2340
29,29,5.800000000000001,39.87175991581197,2340
30,29,5.800000000000001,40.08784241659538,2338
1,30,6.0,1.1265349692564102,2340
2,30,6.0,2.5014927709786328,2340
3,30,6.0,3.896635564017094,2340
4,30,6.0,5.2685055305128214,2340
5,30,6.0,6.726986138247863,2340
6,30,6.0,8.262801944102565,2340
7,30,6.0,9.854438960555555,2340
8,30,6.0,11.483410151837607,2340
9,30,6.0,13.143836074401708,2340
10,30,6.0,14.851469381752137,2340
11,30,6.0,16.584860874273502,2340
12,30,6.0,18.374759642905982,2340
13,30,6.0,20.23199655136752,2340
14,30,6.0,22.134448700384617,2340
15,30,6.0,24.034910507991455,2340
16,30,6.0,25.99639805504274,2340
17,30,6.0,27.939968139700852,2340
18,30,6.0,29.922409993034194,2340
19,30,6.0,31.94167982042735,2340
20,30,6.0,33.76111093183761,2340
21,30,6.0,35.878552538034185,2340
22,30,6.0,37.9224038525641,2340
23,30,6.0,39.767051183760685,2340
24,30,6.0,41.24174888461539,2340
25,30,6.0,42.31382977008547,2340
26,30,6.0,42.65937491196581,2340
27,30,6.0,42.9229022025641,2340
28,30,6.0,41.988669059401715,2340
29,30,6.0,40.25882747863248,2340
30,30,6.0,40.37959294183063,2338
1,31,6.2,1.144915873662393,2340
2,31,6.2,2.5544732202094016,2340
3,31,6.2,3.979986787136752,2340
4,31,6.2,5.3756332749572655,2340
5,31,6.2,6.855057915299145,2340
6,31,6.2,8.409339261239316,2340
7,31,6.2,10.01487197059829,2340
8,31,6.2,11.653405449871794,2340
9,31,6.2,13.318586055384616,2340
10,31,6.2,15.027383010769233,2340
11,31,6.2,16.7581156484188,2340
12,31,6.2,18.544416643119657,2340
13,31,6.2,20.39706009726496,2340
14,31,6.2,22.294831322179487,2340
15,31,6.2,24.19191677636752,2340
16,31,6.2,26.155031531196585,2340
17,31,6.2,28.108935093119655,2340
18,31,6.2,30.120000857564097,2340
19,31,6.2,32.19144745358974,2340
20,31,6.2,34.08036989589744,2340
21,31,6.2,36.27407521923077,2340
22,31,6.2,38.40514886324786,2340
23,31,6.2,40.325544816666664,2340
24,31,6.2,41.85053649059829,2340
25,31,6.2,42.95702793717948,2340
26,31,6.2,43.337530871794876,2340
27,31,6.2,43.63448443547009,2340
28,31,6.2,42.64101974786325,2340
29,31,6.2,40.71227920982906,2340
30,31,6.2,40.69622171428572,2338
1,32,6.4,1.1622585164871795,2340
2,32,6.4,2.602273790700855,2340
3,32,6.4,4.053564891709402,2340
4,32,6.4,5.469085537136751,2340
5,32,6.4,6.965552477649574,2340
6,32,6.4,8.534213437905983,2340
7,32,6.4,10.149686740128203,2340
8,32,6.4,11.794075812991451,2340
9,32,6.4,13.460633831965813,2340
10,32,6.4,15.167529310726495,2340
11,32,6.4,16.892998746239318,2340
12,32,6.4,18.673033622863247,2340
13,32,6.4,20.518009398247866,2340
14,32,6.4,22.40742789666667,2340
15,32,6.4,24.29676254188034,2340
16,32,6.4,26.256632560213678,2340
17,32,6.4,28.218786279786325,2340
18,32,6.4,30.26165909299145,2340
19,32,6.4,32.39418146547008,2340
20,32,6.4,34.36328947901709,2340
21,32,6.4,36.64314896837607,2340
22,32,6.4,38.868261093162396,2340
23,32,6.4,40.86893804401709,2340
24,32,6.4,42.45132628931624,2340
25,32,6.4,43.59434796282051,2340
26,32,6.4,44.01617330299146,2340
27,32,6.4,44.35700823803419,2340
28,32,6.4,43.32427019529915,2340
29,32,6.4,41.27208281111111,2340
30,32,6.4,41.07470113857998,2338
1,33,6.6000000000000005,1.1784330392478632,2340
2,33,6.6000000000000005,2.645148375350428,2340
3,33,6.6000000000000005,4.118076813803418,2340
4,33,6.6000000000000005,5.5498871040170945,2340
5,33,6.6000000000000005,7.059861571068376,2340
6,33,6.6000000000000005,8.639232687350427,2340
7,33,6.6000000000000005,10.261135252350426,2340
8,33,6.6000000000000005,11.908107885,2340
9,33,6.6000000000000005,13.573043117051283,2340
10,33,6.6000000000000005,15.275338844743592,2340
11,33,6.6000000000000005,16.993130459529915,2340
12,33,6.6000000000000005,18.764350317863247,2340
13,33,6.6000000000000005,20.59872932094017,2340
14,33,6.6000000000000005,22.476649126581197,2340
15,33,6.6000000000000005,24.355349110256412,2340
16,33,6.6000000000000005,26.310193332777775,2340
17,33,6.6000000000000005,28.282348783247862,2340
18,33,6.6000000000000005,30.363171020470084,2340
19,33,6.6000000000000005,32.566844045470084,2340
20,33,6.6000000000000005,34.62428242346154,2340
21,33,6.6000000000000005,37.00075976794872,2340
22,33,6.6000000000000005,39.32650517649573,2340
23,33,6.6000000000000005,41.412223511111115,2340
24,33,6.6000000000000005,43.055618831196576,2340
25,33,6.6000000000000005,44.23662569401709,2340
26,33,6.6000000000000005,44.695985524358974,2340
27,33,6.6000000000000005,45.0799334448718,2340
28,33,6.6000000000000005,44.03147174230769,2340
29,33,6.6000000000000005,41.9263014068376,2340
30,33,6.6000000000000005,41.58180623652695,2338
1,34,6.800000000000001,1.1933005285042735,2340
2,34,6.800000000000001,2.683102616512821,2340
3,34,6.800000000000001,4.17390096034188,2340
4,34,6.800000000000001,5.618741610384615,2340
5,34,6.800000000000001,7.139070009615385,2340
6,34,6.800000000000001,8.725991525641025,2340
7,34,6.800000000000001,10.351432910897435,2340
8,34,6.800000000000001,11.998576534358973,2340
9,34,6.800000000000001,13.65994265965812,2340
10,34,6.800000000000001,15.356356575170942,2340
11,34,6.800000000000001,17.065813492393165,2340
12,34,6.800000000000001,18.827986649871793,2340
13,34,6.800000000000001,20.651977465427354,2340
14,34,6.800000000000001,22.519279252991453,2340
15,34,6.800000000000001,24.38896428534188,2340
16,34,6.800000000000001,26.341517307435897,2340
17,34,6.800000000000001,28.327529742478635,2340
18,34,6.800000000000001,30.451692353931623,2340
19,34,6.800000000000001,32.731864535341884,2340
20,34,6.800000000000001,34.88152964692308,2340
21,34,6.800000000000001,37.36102783974359,2340
22,34,6.800000000000001,39.7911902474359,2340
23,34,6.800000000000001,41.96777116880342,2340
24,34,6.800000000000001,43.67044498461538,2340
25,34,6.800000000000001,44.88772743589744,2340
26,34,6.800000000000001,45.37776215982907,2340
27,34,6.800000000000001,45.796857882051285,2340
28,34,6.800000000000001,44.75208463119658,2340
29,34,6.800000000000001,42.609137096153844,2340
30,34,6.800000000000001,42.18048540547476,2338
1,35,7.0,1.2068810788205129,2340
2,35,7.0,2.7165168613076927,2340
3,35,7.0,4.222119648675214,2340
4,35,7.0,5.677513088504274,2340
5,35,7.0,7.205979125213676,2340
6,35,7.0,8.79844734448718,2340
7,35,7.0,10.42591728051282,2340
8,35,7.0,12.072391268290598,2340
9,35,7.0,13.730122652136753,2340
10,35,7.0,15.42134361508547,2340
11,35,7.0,17.12414675854701,2340
12,35,7.0,18.87956977662393,2340
13,35,7.0,20.696538124786326,2340
14,35,7.0,22.55771604730769,2340
15,35,7.0,24.423783608418805,2340
16,35,7.0,26.379917519871796,2340
17,35,7.0,28.38410537517094,2340
18,35,7.0,30.553503053675207,2340
19,35,7.0,32.90961861957265,2340
20,35,7.0,35.147981487222225,2340
21,35,7.0,37.731012420512826,2340
22,35,7.0,40.26238978376068,2340
23,35,7.0,42.52918054017094,2340
24,35,7.0,44.287009923076916,2340
25,35,7.0,45.53768432905983,2340
26,35,7.0,46.05244187948718,2340
27,35,7.0,46.4957026534188,2340
28,35,7.0,45.464766067521374,2340
29,35,7.0,43.27075386068376,2340
30,35,7.0,42.7708337245509,2338
1,36,7.2,1.219445404136752,2340
2,36,7.2,2.7461279295470082,2340
3,36,7.2,4.264034376923077,2340
4,36,7.2,5.728072713931624,2340
5,36,7.2,7.263053296965811,2340
6,36,7.2,8.859731092264957,2340
7,36,7.2,10.488479801581198,2340
8,36,7.2,12.134114093931624,2340
9,36,7.2,13.788868535170941,2340
10,36,7.2,15.476223169273505,2340
11,36,7.2,17.17471752333333,2340
12,36,7.2,18.926557866752137,2340
13,36,7.2,20.741012189615386,2340
14,36,7.2,22.602177130555557,2340
15,36,7.2,24.4721669407265,2340
16,36,7.2,26.44000921316239,2340
17,36,7.2,28.46752581418804,2340
18,36,7.2,30.681011110128207,2340
19,36,7.2,33.10572745705128,2340
20,36,7.2,35.422405463376066,2340
21,36,7.2,38.098758191025645,2340
22,36,7.2,40.72284700683761,2340
23,36,7.2,43.08006643803419,2340
24,36,7.2,44.888361994444445,2340
25,36,7.2,46.16904466752137,2340
26,36,7.2,46.706388863675215,2340
27,36,7.2,47.16130311837607,2340
28,36,7.2,46.146805409829064,2340
29,36,7.2,43.899012672649576,2340
30,36,7.2,43.33872477673225,2338
1,37,7.4,1.2310226700726496,2340
2,37,7.4,2.7726496701880343,2340
3,37,7.4,4.3011840874786325,2340
4,37,7.4,5.7727446811538465,2340
5,37,7.4,7.313394602948719,2340
6,37,7.4,8.913728190470085,2340
7,37,7.4,10.543745986282051,2340
8,37,7.4,12.188979863888889,2340
9,37,7.4,13.84186965491453,2340
10,37,7.4,15.526984844102564,2340
11,37,7.4,17.223554486153844,2340
12,37,7.4,18.974866735128206,2340
13,37,7.4,20.79085623730769,2340
14,37,7.4,22.657305528589745,2340
15,37,7.4,24.537608085726497,2340
16,37,7.4,26.523977145598295,2340
17,37,7.4,28.578557625384622,2340
18,37,7.4,30.831885183076924,2340
19,37,7.4,33.31235623799145,2340
20,37,7.4,35.690967420854705,2340
21,37,7.4,38.44634192264957,2340
22,37,7.4,41.155872163247864,2340
23,37,7.4,43.60712837136752,2340
24,37,7.4,45.46573977094017,2340
25,37,7.4,46.77790056752137,2340
26,37,7.4,47.34403939145299,2340
27,37,7.4,47.798587544444445,2340
28,37,7.4,46.79258388119658,2340
29,37,7.4,44.48984242863248,2340
30,37,7.4,43.87710093798118,2338
1,38,7.6000000000000005,1.2420703722991453,2340
2,38,7.6000000000000005,2.7974117534529914,2340
3,38,7.6000000000000005,4.3355464600427345,2340
4,38,7.6000000000000005,5.814038928333334,2340
5,38,7.6000000000000005,7.359981272521368,2340
6,38,7.6000000000000005,8.96385891931624,2340
7,38,7.6000000000000005,10.59546783431624,2340
8,38,7.6000000000000005,12.240978386410257,2340
9,38,7.6000000000000005,13.893174565085472,2340
10,38,7.6000000000000005,15.577601804957263,2340
11,38,7.6000000000000005,17.274310161623934,2340
12,38,7.6000000000000005,19.027656872478634,2340
13,38,7.6000000000000005,20.84847029568376,2340
14,38,7.6000000000000005,22.72444685008547,2340
15,38,7.6000000000000005,24.62015029115385,2340
16,38,7.6000000000000005,26.63049619837607,2340
17,38,7.6000000000000005,28.714778368119656,2340
18,38,7.6000000000000005,31.003082033675216,2340
19,38,7.6000000000000005,33.52614016940171,2340
20,38,7.6000000000000005,35.95204711649573,2340
21,38,7.6000000000000005,38.77847059871795,2340
22,38,7.6000000000000005,41.57458535,2340
23,38,7.6000000000000005,44.11432150811966,2340
24,38,7.6000000000000005,46.024151490170944,2340
25,38,7.6000000000000005,47.36939270854701,2340
26,38,7.6000000000000005,47.961895327350426,2340
27,38,7.6000000000000005,48.41911532649573,2340
28,38,7.6000000000000005,47.403327799572644,2340
29,38,7.6000000000000005,45.0462779025641,2340
30,38,7.6000000000000005,44.39067270915313,2338
1,39,7.800000000000001,1.252733911790598,2340
2,39,7.800000000000001,2.821099767888889,2340
3,39,7.800000000000001,4.368317001196581,2340
4,39,7.800000000000001,5.853554578076923,2340
5,39,7.800000000000001,7.404768539871793,2340
6,39,7.800000000000001,9.012387728162395,2340
7,39,7.800000000000001,10.646101172008548,2340
8,39,7.800000000000001,12.292648944700854,2340
9,39,7.800000000000001,13.945233229957264,2340
10,39,7.800000000000001,15.630297205470084,2340
11,39,7.800000000000001,17.328790665854704,2340
12,39,7.800000000000001,19.08616195482906,2340
13,39,7.800000000000001,20.914282196666665,2340
14,39,7.800000000000001,22.802914961794873,2340
15,39,7.800000000000001,24.717657643504275,2340
16,39,7.800000000000001,26.75562265858974,2340
17,39,7.800000000000001,28.870672178290597,2340
18,39,7.800000000000001,31.18936480534188,2340
19,39,7.800000000000001,33.74432193384615,2340
20,39,7.800000000000001,36.20705855209402,2340
21,39,7.800000000000001,39.1014658042735,2340
22,39,7.800000000000001,41.97957496880342,2340
23,39,7.800000000000001,44.59957542521368,2340
24,39,7.800000000000001,46.55658973589743,2340
25,39,7.800000000000001,47.93014324914529,2340
26,39,7.800000000000001,48.543601823504275,2340
27,39,7.800000000000001,49.00757768846154,2340
28,39,7.800000000000001,47.97757399230769,2340
29,39,7.800000000000001,45.569781368803426,2340
30,39,7.800000000000001,44.88239493712575,2338
1,40,8.0,1.263251518534188,2340
2,40,8.0,2.8443071782905984,2340
3,40,8.0,4.400383967307692,2340
4,40,8.0,5.892381652564103,2340
5,40,8.0,7.449018855897435,2340
6,40,8.0,9.060719167393163,2340
7,40,8.0,10.697120603119657,2340
8,40,8.0,12.345472633376067,2340
9,40,8.0,13.999425381068376,2340
10,40,8.0,15.686265327905986,2340
11,40,8.0,17.38786913,2340
12,40,8.0,19.150793365897435,2340
13,40,8.0,20.988020197393162,2340
14,40,8.0,22.891412001837608,2340
15,40,8.0,24.82736926380342,2340
16,40,8.0,26.894664119957266,2340
17,40,8.0,29.040002685085472,2340
18,40,8.0,31.384833140470082,2340
19,40,8.0,33.96265698435897,2340
20,40,8.0,36.45309452824787,2340
21,40,8.0,39.40802740299145,2340
22,40,8.0,42.36008602863248,2340
23,40,8.0,45.0401132517094,2340
24,40,8.0,47.03375232435898,2340
25,40,8.0,48.43053732905983,2340
26,40,8.0,49.05815702478632,2340
27,40,8.0,49.54885999700854,2340
28,40,8.0,48.51205252948718,2340
29,40,8.0,46.05390325299145,2340
30,40,8.0,45.34697970017108,2338
1,41,8.200000000000001,1.2737764489615384,2340
2,41,8.200000000000001,2.867462610666667,2340
3,41,8.200000000000001,4.432417315854702,2340
4,41,8.200000000000001,5.931369298931623,2340
5,41,8.200000000000001,7.493734056111111,2340
6,41,8.200000000000001,9.109969562350427,2340
7,41,8.200000000000001,10.749681211581196,2340
8,41,8.200000000000001,12.400580700299145,2340
9,41,8.200000000000001,14.05677024094017,2340
10,41,8.200000000000001,15.74634724145299,2340
11,41,8.200000000000001,17.45211841230769,2340
12,41,8.200000000000001,19.221759455598292,2340
13,41,8.200000000000001,21.06937381222222,2340
14,41,8.200000000000001,22.988862537307693,2340
15,41,8.200000000000001,24.94714789423077,2340
16,41,8.200000000000001,27.04422142316239,2340
17,41,8.200000000000001,29.218690358376065,2340
18,41,8.200000000000001,31.58626096239316,2340
19,41,8.200000000000001,34.18025029162393,2340
20,41,8.200000000000001,36.69140313752136,2340
21,41,8.200000000000001,39.70086677521367,2340
22,41,8.200000000000001,42.715268993589746,2340
23,41,8.200000000000001,45.441311741025636,2340
24,41,8.200000000000001,47.471204120085474,2340
25,41,8.200000000000001,48.89154245854701,2340
26,41,8.200000000000001,49.52051348974359,2340
27,41,8.200000000000001,50.04710226196581,2340
28,41,8.200000000000001,49.013966671794876,2340
29,41,8.200000000000001,46.51047231794872,2340
30,41,8.200000000000001,45.78866116766467,2338
1,42,8.4,1.284489630982906,2340
2,42,8.4,2.890938846905983,2340
3,42,8.4,4.464965882435897,2340
4,42,8.4,5.971184142777777,2340
5,42,8.4,7.539676950726497,2340
6,42,8.4,9.16096486102564,2340
7,42,8.4,10.804623592008546,2340
8,42,8.4,12.458788956709402,2340
9,42,8.4,14.117997770897437,2340
10,42,8.4,15.811140698376066,2340
11,42,8.4,17.52193392769231,2340
12,42,8.4,19.2991719432906,2340
13,42,8.4,21.158038411837605,2340
14,42,8.4,23.09434080119658,2340
15,42,8.4,25.075238984871795,2340
16,42,8.4,27.20161699320513,2340
17,42,8.4,29.40364207645299,2340
18,42,8.4,31.791207324914534,2340
19,42,8.4,34.39622286504274,2340
20,42,8.4,36.921270218803414,2340
21,42,8.4,39.97456485299145,2340
22,42,8.4,43.03305407649573,2340
23,42,8.4,45.79710083034188,2340
24,42,8.4,47.85797492521368,2340
25,42,8.4,49.29754025384615,2340
26,42,8.4,49.90191348824284,2339
27,42,8.4,50.471832441880345,2340
28,42,8.4,49.455953794871796,2340
29,42,8.4,46.928892843162394,2340
30,42,8.4,46.203027891360136,2338
1,43,8.6,1.295349700491453,2340
2,43,8.6,2.91467722292735,2340
3,43,8.6,4.497962668803419,2340
4,43,8.6,6.011744318162393,2340
5,43,8.6,7.58674819982906,2340
6,43,8.6,9.213580682478632,2340
7,43,8.6,10.861769515042734,2340
8,43,8.6,12.519844956666667,2340
9,43,8.6,14.182734846068376,2340
10,43,8.6,15.880110257051284,2340
11,43,8.6,17.5965496367094,2340
12,43,8.6,19.381938142478635,2340
13,43,8.6,21.25245453252137,2340
14,43,8.6,23.20561209269231,2340
15,43,8.6,25.208554261965812,2340
16,43,8.6,27.362792732307692,2340
17,43,8.6,29.59016545615384,2340
18,43,8.6,31.99489549717949,2340
19,43,8.6,34.60599438290599,2340
20,43,8.6,37.13637351525641,2340
21,43,8.6,40.21387453803419,2340
22,43,8.6,43.301626226495735,2340
23,43,8.6,46.09917874487179,2340
24,43,8.6,48.184545409829056,2340
25,43,8.6,49.636147167094016,2340
26,43,8.6,50.235979731936716,2339
27,43,8.6,50.810536960683756,2340
28,43,8.6,49.813175162393165,2340
29,43,8.6,47.29100106324786,2340
30,43,8.6,46.577256172797256,2338
1,44,8.8,1.306392598820513,2340
2,44,8.8,2.9388572626752136,2340
3,44,8.8,4.531652779444444,2340
4,44,8.8,6.0533314074358975,2340
5,44,8.8,7.63525416854701,2340
6,44,8.8,9.268126327350426,2340
7,44,8.8,10.921399654102565,2340
8,44,8.8,12.58397767346154,2340
9,44,8.8,14.251121557521367,2340
10,44,8.8,15.953280808931623,2340
11,44,8.8,17.675837699743592,2340
12,44,8.8,19.469731068717945,2340
13,44,8.8,21.352032227649573,2340
14,44,8.8,23.32174136179487,2340
15,44,8.8,25.345792883717948,2340
16,44,8.8,27.526145317393162,2340
17,44,8.8,29.776629123589746,2340
18,44,8.8,32.19613519888889,2340
19,44,8.8,34.809962665641024,2340
20,44,8.8,37.3403641065812,2340
21,44,8.8,40.428961510256414,2340
22,44,8.8,43.54035738461538,2340
23,44,8.8,46.36587582820513,2340
24,44,8.8,48.46712875555556,2340
25,44,8.8,49.927148347435896,2340
26,44,8.8,50.5279517947841,2339
27,44,8.8,51.0937136559829,2340
28,44,8.8,50.10412942264957,2340
29,44,8.8,47.60667846794872,2340
30,44,8.8,46.91533417792985,2338
1,45,9.0,1.3177294550897436,2340
2,45,9.0,2.963562627311966,2340
3,45,9.0,4.566144036282052,2340
4,45,9.0,6.096064138376069,2340
5,45,9.0,7.685315427350427,2340
6,45,9.0,9.324708523931623,2340
7,45,9.0,10.983581792222221,2340
8,45,9.0,12.651197425641024,2340
9,45,9.0,14.323081575170942,2340
10,45,9.0,16.030463217222223,2340
11,45,9.0,17.759464335726495,2340
12,45,9.0,19.562032388931627,2340
13,45,9.0,21.4560222282906,2340
14,45,9.0,23.441696546153842,2340
15,45,9.0,25.485640453034186,2340
16,45,9.0,27.690120322264956,2340
17,45,9.0,29.961361031495727,2340
18,45,9.0,32.393276070897436,2340
19,45,9.0,35.0068757324359,2340
20,45,9.0,37.53386979153846,2340
21,45,9.0,40.63011249316239,2340
22,45,9.0,43.765467127350426,2340
23,45,9.0,46.6147106008547,2340
24,45,9.0,48.727025313247864,2340
25,45,9.0,50.195647384188035,2340
26,45,9.0,50.79989485378368,2339
27,45,9.0,51.349510081196584,2340
28,45,9.0,50.35432139957265,2340
29,45,9.0,47.88878886324786,2340
30,45,9.0,47.22653363002567,2338
1,46,9.200000000000001,1.329316855059829,2340
2,46,9.200000000000001,2.9886857429615383,2340
3,46,9.200000000000001,4.601269396709402,2340
4,46,9.200000000000001,6.139711141153846,2340
5,46,9.200000000000001,7.7366314352564105,2340
6,46,9.200000000000001,9.382953523205128,2340
7,46,9.200000000000001,11.047853478247863,2340
8,46,9.200000000000001,12.720944866923078,2340
9,46,9.200000000000001,14.39793974974359,2340
10,46,9.200000000000001,16.11084743645299,2340
11,46,9.200000000000001,17.846458753675215,2340
12,46,9.200000000000001,19.657672435470083,2340
13,46,9.200000000000001,21.563012031752137,2340
14,46,9.200000000000001,23.56377345666667,2340
15,46,9.200000000000001,25.626088380726497,2340
16,46,9.200000000000001,27.852410944871796,2340
17,46,9.200000000000001,30.14183292961539,2340
18,46,9.200000000000001,32.58365758350428,2340
19,46,9.200000000000001,35.194278874017094,2340
20,46,9.200000000000001,37.71529998705128,2340
21,46,9.200000000000001,40.81786431752137,2340
22,46,9.200000000000001,43.97292013034188,2340
23,46,9.200000000000001,46.84030968290598,2340
24,46,9.200000000000001,48.96378381239316,2340
25,46,9.200000000000001,50.43560082649573,2340
26,46,9.200000000000001,51.042164386062424,2339
27,46,9.200000000000001,51.581793611538465,2340
28,46,9.200000000000001,50.58348043675213,2340
29,46,9.200000000000001,48.14303045555556,2340
30,46,9.200000000000001,47.51101586569718,2338
1,47,9.4,1.341141300965812,2340
2,47,9.4,3.0142498215854703,2340
3,47,9.4,4.637045208333333,2340
4,47,9.4,6.184266222863249,2340
5,47,9.4,7.78916055465812,2340
6,47,9.4,9.442773087478631,2340
7,47,9.4,11.114062844914528,2340
8,47,9.4,12.792987891495727,2340
9,47,9.4,14.475368734017094,2340
10,47,9.4,16.193998051923078,2340
11,47,9.4,17.936266601495728,2340
12,47,9.4,19.75597017863248,2340
13,47,9.4,21.672190718461536,2340
14,47,9.4,23.687051473205127,2340
15,47,9.4,25.766146448632476,2340
16,47,9.4,28.012022942735044,2340
17,47,9.4,30.317115392606837,2340
18,47,9.4,32.76655770589744,2340
19,47,9.4,35.372139600982905,2340
20,47,9.4,37.88531108508547,2340
21,47,9.4,40.988260425213674,2340
22,47,9.4,44.15266578076923,2340
23,47,9.4,47.02875363162393,2340
24,47,9.4,49.160523144444454,2340
25,47,9.4,50.63345735128205,2340
26,47,9.4,51.23119931380932,2339
27,47,9.4,51.76622727094016,2340
28,47,9.4,50.774970314957265,2340
29,47,9.4,48.36556842905983,2340
30,47,9.4,47.766512715996576,2338
1,48,9.600000000000001,1.3532046398632478,2340
2,48,9.600000000000001,3.040263930260684,2340
3,48,9.600000000000001,4.673483944615385,2340
4,48,9.600000000000001,6.2297270703418794,2340
5,48,9.600000000000001,7.8428756346153845,2340
6,48,9.600000000000001,9.50410209397436,2340
7,48,9.600000000000001,11.182093104871795,2340
8,48,9.600000000000001,12.867143087692309,2340
9,48,9.600000000000001,14.5551067191453,2340
10,48,9.600000000000001,16.279563833760683,2340
11,48,9.600000000000001,18.028439736153846,2340
12,48,9.600000000000001,19.856377521666666,2340
13,48,9.600000000000001,21.782913283504275,2340
14,48,9.600000000000001,23.81081798602564,2340
15,48,9.600000000000001,25.905075116709398,2340
16,48,9.600000000000001,28.168251041880342,2340
17,48,9.600000000000001,30.486558217264957,2340
18,48,9.600000000000001,32.94138480042735,2340
19,48,9.600000000000001,35.539854540213675,2340
20,48,9.600000000000001,38.04183374876068,2340
21,48,9.600000000000001,41.138271458547,2340
22,48,9.600000000000001,44.311977563675214,2340
23,48,9.600000000000001,47.18909099914529,2340
24,48,9.600000000000001,49.32541532692308,2340
25,48,9.600000000000001,50.803369786752135,2340
26,48,9.600000000000001,51.39508632364257,2339
27,48,9.600000000000001,51.921349343589746,2340
28,48,9.600000000000001,50.91270167649573,2340
29,48,9.600000000000001,48.55194497863248,2340
30,48,9.600000000000001,47.99295949871686,2338
1,49,9.8,1.3654136544914528,2340
2,49,9.8,3.066516820679487,2340
3,49,9.8,4.710289450128205,2340
4,49,9.8,6.275708915256409,2340
5,49,9.8,7.8972992826495725,2340
6,49,9.8,9.566359007094016,2340
7,49,9.8,11.251253314401708,2340
8,49,9.8,12.942602673205128,2340
9,49,9.8,14.636226119529915,2340
10,49,9.8,16.366490179358973,2340
11,49,9.8,18.121790315512822,2340
12,49,9.8,19.957567313119657,2340
13,49,9.8,21.893711164273505,2340
14,49,9.8,23.933485063119655,2340
15,49,9.8,26.041208417264958,2340
16,49,9.8,28.31942078294872,2340
17,49,9.8,30.64857708076923,2340
18,49,9.8,33.106840709658115,2340
19,49,9.8,35.69694681440171,2340
20,49,9.8,38.18696779743589,2340
21,49,9.8,41.2769668042735,2340
22,49,9.8,44.453533659829056,2340
23,49,9.8,47.33538660042735,2340
24,49,9.8,49.47019741709402,2340
25,49,9.8,50.94713814957265,2340
26,49,9.8,51.53500486660966,2339
27,49,9.8,52.050875911111106,2340
28,49,9.8,51.02399479017093,2340
29,49,9.8,48.71280233376069,2340
30,49,9.8,48.19560738195038,2338
1,50,10.0,1.3777987086367522,2340
2,50,10.0,3.0930996396752137,2340
3,50,10.0,4.747588991495726,2340
4,50,10.0,6.322362229017094,2340
5,50,10.0,7.952594851709401,2340
6,50,10.0,9.629703725897437,2340
7,50,10.0,11.321686252905982,2340
8,50,10.0,13.019480497136753,2340
9,50,10.0,14.718806388632482,2340
10,50,10.0,16.454820490470087,2340
11,50,10.0,18.216332118760683,2340
12,50,10.0,20.059541063717948,2340
13,50,10.0,22.00460117354701,2340
14,50,10.0,24.05514698790598,2340
15,50,10.0,26.174799195384615,2340
16,50,10.0,28.46604651354701,2340
17,50,10.0,30.80401360987179,2340
18,50,10.0,33.26416536982906,2340
19,50,10.0,35.84510033200855,2340
20,50,10.0,38.32252177141025,2340
21,50,10.0,41.397820887179485,2340
22,50,10.0,44.56554832820513,2340
23,50,10.0,47.439559403846154,2340
24,50,10.0,49.57398620897436,2340
25,50,10.0,51.040901824358976,2340
26,50,10.0,51.624361333475846,2339
27,50,10.0,52.14487090213676,2340
28,50,10.0,51.126693303418804,2340
29,50,10.0,48.85657577478633,2340
30,50,10.0,48.37872261976048,2338
